train_acc,train_loss,lr,test_acc,test_loss
0.2,1.9559961954752605,5e-05,0.2,1.9576759338378906
0.23333333333333334,1.9707462310791015,5e-05,0.2,1.9736559549967447
0.2,1.9128161112467448,5e-05,0.2,1.9182323455810546
0.3,1.843795903523763,5e-05,0.26666666666666666,1.8596914927164714
0.36666666666666664,1.7802227020263672,5e-05,0.3,1.8108097076416017
0.36666666666666664,1.7128660837809244,5e-05,0.3333333333333333,1.7533632914225261
0.36666666666666664,1.6401793162027996,5e-05,0.3333333333333333,1.6871775309244792
0.36666666666666664,1.5922471364339192,5e-05,0.3333333333333333,1.6470166524251302
0.4,1.545232391357422,5e-05,0.3333333333333333,1.607977040608724
0.4,1.493313471476237,5e-05,0.3333333333333333,1.5506927490234375
0.4,1.4546975453694662,5e-05,0.3333333333333333,1.523166020711263
0.4,1.410909652709961,5e-05,0.3333333333333333,1.4895891825358072
0.4,1.3828061421712239,5e-05,0.3333333333333333,1.4573318481445312
0.4,1.353762944539388,5e-05,0.3,1.4439224243164062
0.4,1.3282919565836588,5e-05,0.3,1.43406130472819
0.4,1.3174460093180338,5e-05,0.3,1.4186065673828125
0.4,1.2671858469645183,5e-05,0.3333333333333333,1.4036712646484375
0.4,1.2546312967936197,5e-05,0.3333333333333333,1.4085099538167318
0.4,1.2541362762451171,5e-05,0.3,1.3749677022298177
0.4,1.2081073760986327,5e-05,0.3333333333333333,1.3431809743245442
0.4,1.214055887858073,5e-05,0.3333333333333333,1.3377655029296875
0.4,1.1753271738688151,5e-05,0.36666666666666664,1.3010978698730469
0.4,1.1165320078531902,5e-05,0.3333333333333333,1.2603304545084635
0.4,1.1207463582356771,5e-05,0.36666666666666664,1.2635688781738281
0.4,1.1284341176350912,5e-05,0.3333333333333333,1.2932263692220052
0.43333333333333335,1.0946453094482422,5e-05,0.36666666666666664,1.194152577718099
0.4,1.0756375630696615,5e-05,0.3333333333333333,1.244568125406901
0.5666666666666667,0.9648789087931315,5e-05,0.3333333333333333,1.148455301920573
0.6333333333333333,0.9670944849650065,5e-05,0.36666666666666664,1.1591592152913412
0.5,0.9707087834676107,5e-05,0.3333333333333333,1.177014668782552
0.6666666666666666,0.9381900787353515,5e-05,0.4666666666666667,1.134725824991862
0.6666666666666666,0.9650323867797852,5e-05,0.43333333333333335,1.1846149444580079
0.8,0.8770020167032878,5e-05,0.6,1.0681227366129558
0.7666666666666667,0.8126697540283203,5e-05,0.5,1.022058868408203
0.7333333333333333,0.8315672556559245,5e-05,0.7333333333333333,0.95733642578125
0.7666666666666667,0.7660133997599284,5e-05,0.5,1.015667406717936
0.7333333333333333,0.8508837381998698,5e-05,0.6,1.0269571940104167
0.8,0.6999505360921224,5e-05,0.6333333333333333,0.9610054016113281
0.8,0.761802609761556,5e-05,0.5,1.0415518442789713
0.8666666666666667,0.7261590321858724,5e-05,0.7666666666666667,0.8817813237508138
0.8666666666666667,0.722053591410319,5e-05,0.7,0.9266398111979167
0.9,0.596887715657552,5e-05,0.8333333333333334,0.8392639795939127
0.9333333333333333,0.5895688374837239,5e-05,0.7333333333333333,0.8528693517049154
0.8666666666666667,0.6082211812337239,5e-05,0.8,0.804452387491862
0.9333333333333333,0.554583740234375,5e-05,0.6666666666666666,0.8895300547281901
0.9333333333333333,0.5515670776367188,5e-05,0.8,0.7711999257405598
0.9666666666666667,0.5507813135782877,5e-05,0.8,0.824295171101888
0.9,0.5131790796915691,5e-05,0.7333333333333333,0.7255795160929362
0.9,0.5720574061075846,5e-05,0.7,0.930320930480957
0.9,0.4408111572265625,5e-05,0.8,0.6737052917480468
0.9,0.48062146504720055,5e-05,0.6666666666666666,0.899072265625
0.9333333333333333,0.4072004000345866,5e-05,0.8,0.6403619130452474
0.9333333333333333,0.49557278951009115,5e-05,0.8,0.7816239674886067
0.9,0.4138481140136719,5e-05,0.8666666666666667,0.6482981999715169
0.8666666666666667,0.5475937525431315,5e-05,0.6333333333333333,1.0933237711588542
0.9,0.39041220347086586,5e-05,0.8333333333333334,0.6029438018798828
0.9666666666666667,0.3781553586324056,5e-05,0.7666666666666667,0.71753355662028
0.9333333333333333,0.4153591791788737,5e-05,0.6666666666666666,0.8798851648966471
0.9333333333333333,0.4031400680541992,5e-05,0.8,0.6639255523681641
0.9333333333333333,0.37977622350056967,5e-05,0.7333333333333333,0.7504857381184896
0.9,0.37767264048258464,5e-05,0.8666666666666667,0.7177272160847982
0.9333333333333333,0.3885802904764811,5e-05,0.8,0.7149596532185872
0.9666666666666667,0.30315640767415364,5e-05,0.8333333333333334,0.5803250630696615
0.9,0.3240915616353353,5e-05,0.8333333333333334,0.5497779210408529
0.9666666666666667,0.2973203659057617,5e-05,0.9,0.5622738520304362
0.9666666666666667,0.2875787417093913,5e-05,0.7666666666666667,0.6501165390014648
0.9666666666666667,0.3045735677083333,5e-05,0.7666666666666667,0.6673042297363281
0.9333333333333333,0.28750041325887044,5e-05,0.7333333333333333,0.6787597020467122
0.9333333333333333,0.2611805121103922,5e-05,0.8666666666666667,0.5354506174723307
0.9333333333333333,0.2790157636006673,5e-05,0.8333333333333334,0.5336959838867188
0.9,0.2725895563761393,5e-05,0.7666666666666667,0.5649535497029622
1.0,0.2684427897135417,5e-05,0.8,0.5970951080322265
0.9333333333333333,0.2892369270324707,5e-05,0.7,0.7264347076416016
0.9666666666666667,0.2947773615519206,5e-05,0.7,0.7197909037272135
0.8666666666666667,0.313512929280599,5e-05,0.7333333333333333,0.6273632685343424
0.8666666666666667,0.2838479995727539,5e-05,0.8,0.49063460032145184
0.9666666666666667,0.2276105562845866,5e-05,0.8,0.5910446166992187
0.9666666666666667,0.19848670959472656,5e-05,0.8,0.6292381286621094
0.9666666666666667,0.2429331620534261,5e-05,0.8666666666666667,0.5180593808492024
1.0,0.21133848826090496,5e-05,0.7333333333333333,0.6634905497233073
0.9666666666666667,0.2278067111968994,5e-05,0.9,0.4959689776102702
0.9333333333333333,0.24891713460286458,5e-05,0.6333333333333333,0.8280558268229167
0.9,0.27842362721761066,5e-05,0.7333333333333333,0.5671274820963542
1.0,0.19703954060872395,5e-05,0.8666666666666667,0.515154488881429
1.0,0.17792142232259114,5e-05,0.8,0.5922640482584636
1.0,0.21890179316202799,5e-05,0.7666666666666667,0.6335099538167318
0.9666666666666667,0.22207533518473307,5e-05,0.8,0.69777037302653
0.9,0.2832180976867676,5e-05,0.7,0.6232330958048503
0.9666666666666667,0.16840569178263345,5e-05,0.7666666666666667,0.5866411209106446
0.9666666666666667,0.16513188680013022,5e-05,0.8333333333333334,0.45943479537963866
0.9666666666666667,0.19550038973490397,5e-05,0.9,0.4631090482076009
1.0,0.16469211578369142,5e-05,0.8,0.5734694163004558
1.0,0.11033778190612793,5e-05,0.8666666666666667,0.3989916483561198
1.0,0.17768157323201497,5e-05,0.6333333333333333,0.8017088572184244
0.8,0.5728089014689127,5e-05,0.7,0.8524422963460286
0.9666666666666667,0.3021497090657552,5e-05,0.7666666666666667,0.684688949584961
1.0,0.1800094763437907,5e-05,0.8,0.6118590672810872
0.9666666666666667,0.159072208404541,5e-05,0.8,0.4892809232076009
1.0,0.1426797866821289,5e-05,0.8666666666666667,0.48110669453938804
1.0,0.13181918462117512,5e-05,0.8333333333333334,0.4964077631632487
1.0,0.11437702973683675,5e-05,0.8333333333333334,0.4967524846394857
1.0,0.11957728068033854,5e-05,0.8666666666666667,0.4704109827677409
1.0,0.1347223440806071,5e-05,0.7333333333333333,0.8553890228271485
1.0,0.21822201410929362,5e-05,0.8,0.5522609710693359
1.0,0.11108198165893554,5e-05,0.8666666666666667,0.4355533281962077
0.9666666666666667,0.15460362434387206,5e-05,0.9,0.46394122441609703
1.0,0.1423695723215739,5e-05,0.8,0.5834948857625325
0.9666666666666667,0.13209973176320394,5e-05,0.8666666666666667,0.5154017766316732
1.0,0.16083275477091472,5e-05,0.8333333333333334,0.49149792989095054
1.0,0.13644334475199382,5e-05,0.8666666666666667,0.5270228385925293
1.0,0.10371756553649902,5e-05,0.7666666666666667,0.5609571456909179
1.0,0.07252180576324463,5e-05,0.8333333333333334,0.49240395228068035
1.0,0.11566739082336426,5e-05,0.8333333333333334,0.4924201965332031
1.0,0.11258919239044189,5e-05,0.8666666666666667,0.4277833302815755
1.0,0.08273610273996988,5e-05,0.7666666666666667,0.5568951924641927
1.0,0.13671105702718098,5e-05,0.7666666666666667,0.5980859756469726
1.0,0.08787122567494711,5e-05,0.8333333333333334,0.5071811040242513
1.0,0.1024810791015625,5e-05,0.8333333333333334,0.5595134735107422
1.0,0.1356597105662028,5e-05,0.8333333333333334,0.5084501584370931
0.9333333333333333,0.17859910329182943,5e-05,0.8333333333333334,0.5783603032430013
1.0,0.13327539761861165,5e-05,0.7333333333333333,0.6492381413777669
0.8,0.5132582346598308,5e-05,0.7,0.9049152374267578
1.0,0.16329676310221355,5e-05,0.8,0.6442005157470703
1.0,0.16584242184956868,5e-05,0.7666666666666667,0.573474375406901
1.0,0.09284960428873698,5e-05,0.7333333333333333,0.5936433792114257
0.8333333333333334,0.26478384335835775,5e-05,0.7666666666666667,0.5687158584594727
1.0,0.060165810585021975,5e-05,0.8,0.5413045883178711
1.0,0.11935317516326904,5e-05,0.8333333333333334,0.5565106709798177
0.9333333333333333,0.15911664962768554,5e-05,0.8333333333333334,0.49875179926554364
1.0,0.08071880340576172,5e-05,0.7333333333333333,0.633008066813151
1.0,0.0963724692662557,5e-05,0.8666666666666667,0.4378091812133789
1.0,0.06625452438990274,5e-05,0.8666666666666667,0.4974975903828939
1.0,0.06215595801671346,5e-05,0.8666666666666667,0.47691618601481117
0.9666666666666667,0.16048933664957682,5e-05,0.8333333333333334,0.4096172968546549
0.9666666666666667,0.09680490493774414,5e-05,0.6333333333333333,0.9236643473307292
0.9333333333333333,0.1693153222401937,5e-05,0.8666666666666667,0.5271600087483724
0.8,0.3590609868367513,5e-05,0.7333333333333333,0.6218730926513671
1.0,0.10966054598490398,5e-05,0.7666666666666667,0.5243725458780925
1.0,0.07883859475453694,5e-05,0.8666666666666667,0.47054204940795896
0.9666666666666667,0.12833356062571208,5e-05,0.8333333333333334,0.48306547800699867
1.0,0.05859130620956421,5e-05,0.8,0.5273511250813802
1.0,0.06827011903127035,5e-05,0.8666666666666667,0.4469159126281738
1.0,0.037170823415120444,5e-05,0.8333333333333334,0.44869925181070963
1.0,0.03644255002339681,5e-05,0.8333333333333334,0.4424925168355306
1.0,0.04728636344273885,5e-05,0.8333333333333334,0.48008254369099934
1.0,0.05536328951517741,5e-05,0.8333333333333334,0.5144268035888672
0.9666666666666667,0.09120286305745443,5e-05,0.9,0.4615393320719401
1.0,0.05273263454437256,5e-05,0.8333333333333334,0.4819344520568848
1.0,0.04221070607503255,5e-05,0.8666666666666667,0.42391675313313804
0.9333333333333333,0.1445200284322103,5e-05,0.8666666666666667,0.3870952288309733
1.0,0.056039619445800784,5e-05,0.7666666666666667,0.5377524693806967
1.0,0.05503631035486857,5e-05,0.8333333333333334,0.4444117228190104
1.0,0.05649802287419637,5e-05,0.8666666666666667,0.4206053415934245
1.0,0.038426597913106285,5e-05,0.8,0.5191812833150228
1.0,0.04926428000132243,5e-05,0.7666666666666667,0.6241196950276693
1.0,0.06619869073232015,5e-05,0.8333333333333334,0.5011040687561035
1.0,0.0820245345433553,5e-05,0.9,0.41720348993937173
1.0,0.08671000798543295,5e-05,0.8,0.5935581207275391
1.0,0.05139323870340983,5e-05,0.8,0.5177664438883464
1.0,0.05652151505152384,5e-05,0.8333333333333334,0.4907307306925456
1.0,0.08696367740631103,5e-05,0.8,0.5561262130737304
1.0,0.07148922284444173,5e-05,0.7333333333333333,0.6518361409505208
1.0,0.061953723430633545,5e-05,0.8,0.5605822245279948
1.0,0.04062880277633667,5e-05,0.8666666666666667,0.43021669387817385
1.0,0.0576853354771932,5e-05,0.8666666666666667,0.47860902150472007
1.0,0.04507373571395874,5e-05,0.7666666666666667,0.5617212295532227
0.9666666666666667,0.1224156936009725,5e-05,0.8333333333333334,0.47045596440633136
1.0,0.04722779989242554,5e-05,0.8666666666666667,0.4237250328063965
1.0,0.05720402797063192,5e-05,0.8333333333333334,0.48479042053222654
1.0,0.03415741125742595,5e-05,0.8333333333333334,0.48982041676839194
1.0,0.05283749500910441,5e-05,0.8666666666666667,0.37613210678100584
1.0,0.04702390432357788,5e-05,0.8,0.5004904429117839
1.0,0.048617045084635414,5e-05,0.8333333333333334,0.47642577489217125
1.0,0.05022797584533691,5e-05,0.8666666666666667,0.47425702412923176
1.0,0.04013784726460775,5e-05,0.8333333333333334,0.4397219975789388
1.0,0.035724361737569175,5e-05,0.8,0.46834936141967776
1.0,0.048740084966023764,5e-05,0.8333333333333334,0.4982566833496094
1.0,0.03728123903274536,5e-05,0.8666666666666667,0.4368517239888509
1.0,0.028445120652516684,5e-05,0.8666666666666667,0.43856080373128253
1.0,0.03713142474492391,5e-05,0.8333333333333334,0.5089205741882324
1.0,0.02678388754526774,5e-05,0.9,0.4187636375427246
1.0,0.034296337763468424,5e-05,0.8666666666666667,0.43810818990071615
1.0,0.03264898459116618,5e-05,0.8,0.45877227783203123
1.0,0.036694995562235516,5e-05,0.8666666666666667,0.472115961710612
1.0,0.05140715042750041,5e-05,0.9,0.38479814529418943
1.0,0.027521224816640218,5e-05,0.7666666666666667,0.5412652969360352
1.0,0.04050272305806478,5e-05,0.7666666666666667,0.5974921544392904
1.0,0.03919746081034343,5e-05,0.8,0.5106490135192872
0.8333333333333334,0.2773724555969238,5e-05,0.7666666666666667,0.5660683314005533
1.0,0.0818264087041219,5e-05,0.9,0.4349048614501953
1.0,0.04774620135625204,5e-05,0.8666666666666667,0.477796745300293
1.0,0.04663968483606974,5e-05,0.8333333333333334,0.46920668284098305
1.0,0.030372647444407146,5e-05,0.8333333333333334,0.4409761110941569
1.0,0.07541433175404867,5e-05,0.7333333333333333,0.7624296188354492
0.9666666666666667,0.1527988274892171,5e-05,0.8333333333333334,0.44742326736450194
1.0,0.04400351842244466,5e-05,0.6666666666666666,0.7278141657511393
0.9333333333333333,0.168243932723999,5e-05,0.8333333333333334,0.5939334233601888
1.0,0.03285296758015951,5e-05,0.8,0.49659484227498374
1.0,0.03561269044876099,5e-05,0.8,0.48816347122192383
1.0,0.05556436777114868,5e-05,0.8,0.527243709564209
1.0,0.02532857855161031,5e-05,0.7333333333333333,0.5767876942952473
1.0,0.030391629536946616,5e-05,0.8666666666666667,0.4687123616536458
0.9666666666666667,0.10260581175486247,5e-05,0.8333333333333334,0.4072978973388672
1.0,0.026442543665568034,5e-05,0.8333333333333334,0.4212342898050944
1.0,0.030860374371210735,5e-05,0.7333333333333333,0.5751024881998698
1.0,0.03220062057177226,5e-05,0.7333333333333333,0.547779909769694
1.0,0.0353953758875529,5e-05,0.8333333333333334,0.4876291592915853
1.0,0.03860351244608561,5e-05,0.8,0.5482340494791667
0.8666666666666667,0.2117505709330241,5e-05,0.7,0.6228583653767904
1.0,0.030286788940429688,5e-05,0.9,0.40429960886637367
1.0,0.027239652474721272,5e-05,0.8333333333333334,0.43944183985392254
1.0,0.0368263045946757,5e-05,0.8333333333333334,0.5352001825968424
1.0,0.03249921003977458,5e-05,0.8666666666666667,0.4748692830403646
1.0,0.02483529448509216,5e-05,0.8666666666666667,0.460975710550944
1.0,0.02241542935371399,5e-05,0.8,0.5175189971923828
1.0,0.027678924798965453,5e-05,0.7333333333333333,0.540922482808431
1.0,0.04252591927846273,5e-05,0.8333333333333334,0.5061672846476237
1.0,0.019021336237589517,5e-05,0.9,0.48289012908935547
1.0,0.023408953348795572,5e-05,0.8666666666666667,0.5333735783894856
1.0,0.024836969375610352,5e-05,0.9,0.4976349194844564
1.0,0.0450288454691569,5e-05,0.8333333333333334,0.4994519233703613
1.0,0.03559992710749308,5e-05,0.8333333333333334,0.47523053487141925
0.9666666666666667,0.12165226141611735,5e-05,0.7666666666666667,0.6260609308878581
1.0,0.07158433596293132,5e-05,0.6666666666666666,0.8231483459472656
1.0,0.06286818981170654,5e-05,0.8333333333333334,0.5410690943400065
1.0,0.046739097436269125,5e-05,0.8666666666666667,0.4522037188212077
1.0,0.03163529237111409,5e-05,0.8666666666666667,0.49923760096232095
0.9333333333333333,0.13221618334452312,5e-05,0.7666666666666667,0.5758463541666666
1.0,0.02115794022878011,5e-05,0.9,0.3979634284973145
1.0,0.017417226235071817,5e-05,0.8,0.5028077443440755
0.9666666666666667,0.0856316089630127,5e-05,0.8,0.6039298375447592
1.0,0.03773184219996135,5e-05,0.8666666666666667,0.5518401463826498
1.0,0.032264272371927895,5e-05,0.8666666666666667,0.47915032704671223
1.0,0.03077859083811442,5e-05,0.9,0.4705929438273112
1.0,0.0373152494430542,5e-05,0.8333333333333334,0.49690268834431967
1.0,0.0221955935160319,5e-05,0.9,0.42257572809855143
1.0,0.018434194723765056,5e-05,0.8666666666666667,0.38727779388427735
1.0,0.02660223046938578,5e-05,0.9333333333333333,0.380219300587972
1.0,0.06914397875467936,5e-05,0.7666666666666667,0.7587060292561849
0.9,0.2096267859141032,5e-05,0.7666666666666667,0.7534648259480794
0.9666666666666667,0.13653737703959148,5e-05,0.8666666666666667,0.48690388997395834
1.0,0.03705528974533081,5e-05,0.8,0.5813552220662435
1.0,0.03154587745666504,5e-05,0.8333333333333334,0.5490943908691406
1.0,0.04029917319615682,5e-05,0.8666666666666667,0.5680582046508789
1.0,0.028319738308588662,5e-05,0.8666666666666667,0.43838094075520834
1.0,0.022521406412124634,5e-05,0.9,0.38696136474609377
1.0,0.02131959398587545,5e-05,0.9,0.3988698323567708
1.0,0.020749513308207193,5e-05,0.8,0.48704226811726886
1.0,0.01691621939341227,5e-05,0.8333333333333334,0.49703648885091145
1.0,0.03810911575953166,5e-05,0.8333333333333334,0.5073333740234375
1.0,0.021607454617818198,5e-05,0.8666666666666667,0.4600953737894694
1.0,0.023033124208450318,5e-05,0.7666666666666667,0.6785410563151042
1.0,0.028118662039438882,5e-05,0.9,0.4547280311584473
1.0,0.025003989537556965,5e-05,0.9,0.4305824597676595
1.0,0.02606271704037984,5e-05,0.9,0.4231672922770182
1.0,0.018045135339101157,5e-05,0.9,0.4267151196797689
1.0,0.01839952071507772,5e-05,0.8333333333333334,0.4776125907897949
1.0,0.016904222965240478,5e-05,0.8333333333333334,0.4921321233113607
1.0,0.014914443095525106,5e-05,0.8333333333333334,0.4451136271158854
1.0,0.019171955188115437,5e-05,0.8333333333333334,0.43942600886027017
1.0,0.022848355770111083,5e-05,0.9,0.4698491096496582
1.0,0.019498753547668456,5e-05,0.9,0.45050233205159507
1.0,0.015383432308832804,5e-05,0.8666666666666667,0.4380082130432129
1.0,0.01632485588391622,5e-05,0.8666666666666667,0.4547924041748047
1.0,0.01230092744032542,5e-05,0.9,0.47234633763631184
1.0,0.014068278670310973,5e-05,0.8,0.4830437978108724
1.0,0.01644375224908193,5e-05,0.9,0.4588209470113119
1.0,0.015170746048291524,5e-05,0.9,0.4538700103759766
1.0,0.014198923110961914,5e-05,0.8333333333333334,0.5165215810139974
1.0,0.016265039642651875,5e-05,0.8333333333333334,0.5121644020080567
1.0,0.015835702419281006,5e-05,0.8,0.5103424390157064
1.0,0.009092623988787333,5e-05,0.8333333333333334,0.47994858423868814
1.0,0.015718323985735576,5e-05,0.8666666666666667,0.449421755472819
1.0,0.010180070996284485,5e-05,0.8666666666666667,0.44035679499308267
1.0,0.013398860891660055,5e-05,0.8666666666666667,0.4586095174153646
1.0,0.01623225212097168,5e-05,0.8666666666666667,0.473967456817627
1.0,0.01105187435944875,5e-05,0.9,0.46946865717569985
1.0,0.022993975877761842,5e-05,0.9,0.4653497060139974
1.0,0.009236858288447062,5e-05,0.8666666666666667,0.4503222783406576
1.0,0.02383532722791036,5e-05,0.8,0.5994039535522461
1.0,0.022133376200993857,5e-05,0.8666666666666667,0.5201040267944336
1.0,0.020642751455307008,5e-05,0.8666666666666667,0.5158753395080566
1.0,0.02282503843307495,5e-05,0.7666666666666667,0.6337944666544596
1.0,0.015757872660954794,5e-05,0.8666666666666667,0.499495792388916
1.0,0.060223305225372316,5e-05,0.8666666666666667,0.5115404764811198
1.0,0.04467190106709798,5e-05,0.8333333333333334,0.6577534993489583
1.0,0.027152981360753378,5e-05,0.7666666666666667,0.6923566182454427
0.9666666666666667,0.05156666040420532,5e-05,0.8333333333333334,0.567476463317871
1.0,0.028821104764938356,5e-05,0.8,0.5212510426839193
1.0,0.02423063317934672,5e-05,0.6666666666666666,0.8604399363199869
1.0,0.03893226385116577,5e-05,0.8666666666666667,0.5337053934733073
1.0,0.045803586641947426,5e-05,0.8666666666666667,0.4758145332336426
1.0,0.05497064590454102,5e-05,0.8333333333333334,0.44684619903564454
0.9666666666666667,0.08474796613057455,5e-05,0.7666666666666667,0.5772403717041016
1.0,0.07376941045125325,5e-05,0.8333333333333334,0.5649166742960612
1.0,0.031016886234283447,5e-05,0.8666666666666667,0.4886775016784668
1.0,0.032549103101094566,5e-05,0.8666666666666667,0.5533854166666666
1.0,0.027682924270629884,5e-05,0.8333333333333334,0.5259154637654623
1.0,0.017975024382273355,5e-05,0.8666666666666667,0.46701879501342775
1.0,0.019497223695119224,5e-05,0.8666666666666667,0.4791903495788574
1.0,0.026933449506759643,5e-05,0.8333333333333334,0.5108051300048828
1.0,0.061724658807118735,5e-05,0.8333333333333334,0.53888365427653
1.0,0.017283940315246583,5e-05,0.7333333333333333,0.7095565795898438
0.9,0.23332042694091798,5e-05,0.8,0.634058125813802
1.0,0.04916626214981079,5e-05,0.8333333333333334,0.6507240931193033
1.0,0.029556288321812948,5e-05,0.8333333333333334,0.6275349299112956
1.0,0.04690394401550293,5e-05,0.8666666666666667,0.5067277590433756
1.0,0.043603952725728354,5e-05,0.7666666666666667,0.8251249313354492
1.0,0.02867887814839681,5e-05,0.7666666666666667,0.6915812174479167
1.0,0.037023802598317467,5e-05,0.8333333333333334,0.5283695538838704
1.0,0.03722014824549357,5e-05,0.9,0.4536254564921061
1.0,0.013365456461906433,5e-05,0.8666666666666667,0.46370455423990886
1.0,0.009685477614402771,5e-05,0.8333333333333334,0.48708902994791664
1.0,0.009320889910062155,5e-05,0.8333333333333334,0.5713253021240234
1.0,0.013618566592534383,5e-05,0.8333333333333334,0.5536214192708333
1.0,0.017905505498250325,5e-05,0.9,0.4735417366027832
1.0,0.011959595481554668,5e-05,0.8666666666666667,0.4369658470153809
1.0,0.010796356201171874,5e-05,0.8666666666666667,0.46479368209838867
1.0,0.012389329075813294,5e-05,0.8,0.4889479319254557
1.0,0.011936094363530476,5e-05,0.8333333333333334,0.5043355305989583
1.0,0.012906526525815329,5e-05,0.8666666666666667,0.46500924428304036
1.0,0.014867321650187174,5e-05,0.8666666666666667,0.4680879275004069
1.0,0.023037872711817422,2.5e-05,0.8,0.5643223444620769
1.0,0.015258488059043885,2.5e-05,0.8666666666666667,0.5166098276774088
1.0,0.008585073550542196,2.5e-05,0.8333333333333334,0.45656553904215497
1.0,0.013020738959312439,2.5e-05,0.8,0.485392697652181
1.0,0.014192246397336324,2.5e-05,0.9,0.4328289031982422
1.0,0.013300854961077373,2.5e-05,0.9,0.4725685119628906
1.0,0.011368176341056824,2.5e-05,0.9,0.4216253916422526
1.0,0.013000768423080445,2.5e-05,0.9,0.45147730509440104
1.0,0.013108697533607484,2.5e-05,0.9,0.45484466552734376
1.0,0.012800532579421996,2.5e-05,0.8666666666666667,0.4840293248494466
1.0,0.010777669151624043,2.5e-05,0.8666666666666667,0.4529910087585449
1.0,0.013200728098551433,2.5e-05,0.9,0.45504557291666664
1.0,0.009957122802734374,2.5e-05,0.9,0.4385242780049642
1.0,0.008146393299102783,2.5e-05,0.8333333333333334,0.48714157740275066
1.0,0.009977784752845765,2.5e-05,0.8666666666666667,0.4875610033671061
1.0,0.012250084678332012,2.5e-05,0.8333333333333334,0.5086500803629558
1.0,0.009499781330426534,2.5e-05,0.9,0.498717466990153
1.0,0.010474520921707153,2.5e-05,0.8333333333333334,0.4734344800313314
1.0,0.006191515425841013,2.5e-05,0.8,0.4619412104288737
1.0,0.014842402935028077,2.5e-05,0.8333333333333334,0.6680721918741862
1.0,0.009284682075182597,2.5e-05,0.8,0.6296034495035807
1.0,0.013575494289398193,2.5e-05,0.7333333333333333,0.7451626459757487
1.0,0.014995257059733072,2.5e-05,0.7333333333333333,0.6866078058878581
1.0,0.017211316029230754,2.5e-05,0.8,0.5761135737101237
1.0,0.01153643826643626,2.5e-05,0.8333333333333334,0.5234401384989421
1.0,0.009403262535730999,2.5e-05,0.8666666666666667,0.49464200337727865
1.0,0.014098281661669413,2.5e-05,0.8333333333333334,0.5530694961547852
1.0,0.012571188807487487,2.5e-05,0.8,0.6236553192138672
1.0,0.012861497203509013,2.5e-05,0.8333333333333334,0.4805707613627116
1.0,0.012575106819470723,2.5e-05,0.7333333333333333,0.5994940439860026
1.0,0.025081384181976318,2.5e-05,0.8,0.5876674016316732
1.0,0.016108662883440653,2.5e-05,0.8666666666666667,0.4914237976074219
1.0,0.016100803017616273,2.5e-05,0.8666666666666667,0.5013155301411947
1.0,0.010380310813585918,2.5e-05,0.8333333333333334,0.45947818756103515
1.0,0.009943708777427673,2.5e-05,0.8666666666666667,0.466033935546875
1.0,0.009514619906743368,2.5e-05,0.8666666666666667,0.4799488067626953
1.0,0.009688134988149006,2.5e-05,0.8666666666666667,0.4820902188618978
1.0,0.00951111614704132,2.5e-05,0.8333333333333334,0.47308537165323894
1.0,0.009951512018839518,2.5e-05,0.8666666666666667,0.45313491821289065
1.0,0.008310012519359589,2.5e-05,0.8333333333333334,0.5079766273498535
1.0,0.007470443844795227,2.5e-05,0.8,0.4992468198140462
1.0,0.011211695273717244,2.5e-05,0.8666666666666667,0.46241283416748047
1.0,0.012290698289871217,2.5e-05,0.8333333333333334,0.48497934341430665
1.0,0.0112202783425649,2.5e-05,0.8333333333333334,0.5191457748413086
1.0,0.011634448170661926,2.5e-05,0.8666666666666667,0.5202199300130208
1.0,0.012928196787834167,2.5e-05,0.8,0.5743385314941406
1.0,0.014090075095494588,2.5e-05,0.8333333333333334,0.5762100219726562
1.0,0.013814472158749898,2.5e-05,0.8666666666666667,0.5435663859049479
1.0,0.009385814269383749,2.5e-05,0.8666666666666667,0.49786589940389
1.0,0.01090064247449239,2.5e-05,0.8666666666666667,0.5294894854227702
1.0,0.009094729026158651,2.5e-05,0.8666666666666667,0.4723343849182129
1.0,0.008263906339804332,2.5e-05,0.8333333333333334,0.5400850931803386
1.0,0.012724332014719645,2.5e-05,0.8,0.5564135233561198
1.0,0.007454375425974528,2.5e-05,0.8666666666666667,0.4931483268737793
1.0,0.009116993347803751,2.5e-05,0.8333333333333334,0.4786186854044596
1.0,0.00954513947168986,2.5e-05,0.8,0.4934134801228841
1.0,0.010016793012619018,2.5e-05,0.9,0.5231897672017415
1.0,0.009386233488718669,2.5e-05,0.8333333333333334,0.4914406140645345
1.0,0.013801810145378113,2.5e-05,0.9,0.5364128112792969
1.0,0.0127273291349411,2.5e-05,0.8333333333333334,0.49623006184895835
1.0,0.010929789145787556,2.5e-05,0.9,0.438922119140625
1.0,0.007431847850481669,2.5e-05,0.8,0.5403937657674154
1.0,0.008845136562983195,2.5e-05,0.7666666666666667,0.6833342870076498
1.0,0.009556775291760763,2.5e-05,0.7666666666666667,0.5865564982096354
1.0,0.013271874189376831,2.5e-05,0.8333333333333334,0.6123682657877604
1.0,0.03961493571599325,2.5e-05,0.8666666666666667,0.5402734756469727
1.0,0.041438734531402587,2.5e-05,0.8666666666666667,0.463133716583252
1.0,0.018670308589935302,2.5e-05,0.8333333333333334,0.5042375564575196
1.0,0.015043207009633382,2.5e-05,0.8,0.4996154467264811
1.0,0.014936649799346923,1.25e-05,0.8,0.5414861679077149
1.0,0.014662627379099529,1.25e-05,0.8333333333333334,0.6176062901814778
1.0,0.01359048585096995,1.25e-05,0.8666666666666667,0.5421236038208008
1.0,0.011570322513580322,1.25e-05,0.9,0.4934552510579427
1.0,0.013694989681243896,1.25e-05,0.8666666666666667,0.5248927434285482
1.0,0.01368489662806193,1.25e-05,0.9,0.5012620608011882
1.0,0.015195699532826741,1.25e-05,0.9,0.5450356801350912
1.0,0.012945520877838134,1.25e-05,0.9,0.4840021769205729
1.0,0.010870513319969178,1.25e-05,0.8666666666666667,0.45145702362060547
1.0,0.008892208337783813,1.25e-05,0.9,0.4774984041849772
1.0,0.00762331485748291,1.25e-05,0.8333333333333334,0.509570852915446
1.0,0.00746393104394277,1.25e-05,0.8666666666666667,0.46647796630859373
1.0,0.0140450785557429,1.25e-05,0.8666666666666667,0.577740732828776
1.0,0.011209252476692199,1.25e-05,0.8333333333333334,0.5677193323771159
1.0,0.009302189946174622,1.25e-05,0.8666666666666667,0.5745510737101237
1.0,0.0076616172989209495,1.25e-05,0.8333333333333334,0.5808613459269206
1.0,0.009718622763951619,1.25e-05,0.8333333333333334,0.5351500193277995
1.0,0.010432799657185873,1.25e-05,0.8666666666666667,0.5792752583821614
1.0,0.010148917635281881,1.25e-05,0.9,0.5270241101582845
1.0,0.008973950147628784,1.25e-05,0.8666666666666667,0.5437075932820638
1.0,0.009046293298403422,1.25e-05,0.8333333333333334,0.6284946441650391
1.0,0.010857899983723959,1.25e-05,0.8666666666666667,0.4922123908996582
1.0,0.00854695737361908,1.25e-05,0.8666666666666667,0.512691593170166
1.0,0.008662654956181844,1.25e-05,0.9,0.4977766990661621
1.0,0.009937860568364461,1.25e-05,0.8666666666666667,0.4655402183532715
1.0,0.009903446833292643,1.25e-05,0.8666666666666667,0.49963105519612633
1.0,0.006474801898002624,1.25e-05,0.8666666666666667,0.46141643524169923
1.0,0.008433074752489726,1.25e-05,0.9,0.4855734507242839
1.0,0.008286164700984954,1.25e-05,0.8666666666666667,0.47217928568522133
1.0,0.007206613818804423,1.25e-05,0.9,0.4527300198872884
1.0,0.008465216557184855,1.25e-05,0.8333333333333334,0.5615158716837565
1.0,0.008303538461526235,1.25e-05,0.9,0.5147074063618978
1.0,0.00939444104830424,1.25e-05,0.8666666666666667,0.4775559425354004
1.0,0.008356320858001708,1.25e-05,0.8666666666666667,0.5111920356750488
1.0,0.01091827650864919,1.25e-05,0.8666666666666667,0.5534437815348308
1.0,0.007556975384553273,1.25e-05,0.8333333333333334,0.5341352462768555
1.0,0.00717571477095286,1.25e-05,0.8666666666666667,0.5046513239542644
1.0,0.011492589116096496,1.25e-05,0.8666666666666667,0.5785263061523438
1.0,0.011497046550114949,1.25e-05,0.9,0.4922976493835449
1.0,0.0077601239085197445,1.25e-05,0.8666666666666667,0.4807799657185872
1.0,0.005717113614082336,1.25e-05,0.8666666666666667,0.45018682479858396
1.0,0.008665006359418232,1.25e-05,0.9,0.44086488087972003
1.0,0.011388752857844036,1.25e-05,0.9,0.4797650337219238
1.0,0.009129924575487773,1.25e-05,0.9,0.4343358357747396
1.0,0.008907819787661234,1.25e-05,0.9,0.45570529301961266
1.0,0.011327750484148661,1.25e-05,0.9,0.4790550549825033
1.0,0.008731645345687867,1.25e-05,0.9,0.4439843495686849
1.0,0.009923133254051208,1.25e-05,0.8666666666666667,0.4648149490356445
1.0,0.007701671123504639,1.25e-05,0.9,0.4483352025349935
1.0,0.010623357693354289,1.25e-05,0.9,0.5109122594197592
1.0,0.009571332732836406,1.25e-05,0.9,0.4416059494018555
1.0,0.011388097206751506,1.25e-05,0.9,0.5106903076171875
1.0,0.008565001686414083,1.25e-05,0.9,0.4799412727355957
1.0,0.009491321444511414,1.25e-05,0.8666666666666667,0.4673638661702474
1.0,0.008534129460652668,1.25e-05,0.8666666666666667,0.48359877268473306
1.0,0.008298943440119425,1.25e-05,0.8666666666666667,0.4649812380472819
1.0,0.007593023777008057,1.25e-05,0.8666666666666667,0.45532239278157555
1.0,0.007884302735328674,1.25e-05,0.8333333333333334,0.469242000579834
1.0,0.009003303448359172,1.25e-05,0.8666666666666667,0.5319318771362305
1.0,0.007889144619305928,1.25e-05,0.9,0.5073442141215007
1.0,0.007423617442448934,1.25e-05,0.9,0.4570034980773926
1.0,0.008462547262509664,1.25e-05,0.8666666666666667,0.44330682754516604
1.0,0.006785866618156433,1.25e-05,0.9,0.460489559173584
1.0,0.0069631442427635195,1.25e-05,0.8666666666666667,0.4782780647277832
1.0,0.00666759709517161,1.25e-05,0.9,0.5041699727376302
1.0,0.007083637515703837,1.25e-05,0.9,0.5302899996439616
1.0,0.007820679247379303,1.25e-05,0.8666666666666667,0.4769640604654948
1.0,0.010498732328414917,1.25e-05,0.8666666666666667,0.5568150202433269
1.0,0.01035478413105011,1.25e-05,0.8,0.5891486485799153
1.0,0.009968655308087666,1.25e-05,0.8666666666666667,0.5327021598815918
1.0,0.009973542888959248,1.25e-05,0.9,0.5139960924784343
1.0,0.007547244926293691,1.25e-05,0.9,0.4820336023966471
1.0,0.005620047450065613,1.25e-05,0.8666666666666667,0.46992448170979817
1.0,0.006496745844682058,1.25e-05,0.8666666666666667,0.5349287668863932
1.0,0.006836065153280894,1.25e-05,0.8666666666666667,0.5276844024658203
1.0,0.008906596899032592,1.25e-05,0.8666666666666667,0.5123468081156413
1.0,0.010860119263331096,1.25e-05,0.8333333333333334,0.5831008275349935
1.0,0.00981982449690501,1.25e-05,0.8666666666666667,0.5305709520975749
1.0,0.011108466982841491,1.25e-05,0.9,0.47942129770914715
1.0,0.008626795808474223,1.25e-05,0.8666666666666667,0.5054448127746582
1.0,0.008502132693926493,1.25e-05,0.8333333333333334,0.45618807474772133
1.0,0.006160092353820801,1.25e-05,0.8333333333333334,0.4742929458618164
1.0,0.007209565242131551,1.25e-05,0.8666666666666667,0.5178711573282878
1.0,0.007865233719348908,1.25e-05,0.9,0.4993282953898112
1.0,0.008215635518232981,1.25e-05,0.8666666666666667,0.5412685394287109
1.0,0.006625466048717499,1.25e-05,0.9,0.529907766977946
1.0,0.009091336528460186,1.25e-05,0.9,0.4634372393290202
1.0,0.007242429753144582,1.25e-05,0.8333333333333334,0.5182128270467122
1.0,0.005122560759385427,1.25e-05,0.9,0.47892354329427084
1.0,0.007174080610275269,1.25e-05,0.8333333333333334,0.480138905843099
1.0,0.007595410943031311,1.25e-05,0.8666666666666667,0.46006930669148766
1.0,0.009176822503407796,1.25e-05,0.9,0.49413913091023765
1.0,0.01122177243232727,1.25e-05,0.8666666666666667,0.5441230773925781
1.0,0.010102192560831705,1.25e-05,0.8333333333333334,0.5911725997924805
1.0,0.009008566538492838,1.25e-05,0.8333333333333334,0.5465773900349935
1.0,0.00884190301100413,1.25e-05,0.8333333333333334,0.5392929712931315
1.0,0.0070962627728780115,1.25e-05,0.8666666666666667,0.5335657755533855
1.0,0.010488995909690857,1.25e-05,0.8333333333333334,0.600344467163086
1.0,0.007515108585357666,1.25e-05,0.8666666666666667,0.495961062113444
1.0,0.00755651444196701,1.25e-05,0.9,0.4837539990743001
1.0,0.009773248434066772,1.25e-05,0.8666666666666667,0.5645641326904297
1.0,0.0072718456387519835,1.25e-05,0.9,0.4942743937174479
1.0,0.008621317148208619,1.25e-05,0.9,0.5040720939636231
1.0,0.008955539266268412,1.25e-05,0.8666666666666667,0.5112193107604981
1.0,0.008750969171524048,1.25e-05,0.8666666666666667,0.5198187828063965
1.0,0.008444710572560628,1.25e-05,0.8666666666666667,0.48266798655192056
1.0,0.007084639370441436,1.25e-05,0.9,0.46908276875813804
1.0,0.00811588615179062,1.25e-05,0.9,0.4521063804626465
1.0,0.0076958586772282915,1.25e-05,0.8666666666666667,0.4479622522989909
1.0,0.0071613033612569175,1.25e-05,0.9,0.49346793492635094
1.0,0.008888705571492513,1.25e-05,0.8666666666666667,0.5040287017822266
1.0,0.010680881142616273,1.25e-05,0.8333333333333334,0.5719436009724935
1.0,0.008359739184379577,1.25e-05,0.8666666666666667,0.5066142400105794
1.0,0.007210263609886169,1.25e-05,0.9,0.48516499201456703
1.0,0.008922332525253296,1.25e-05,0.9,0.49587764739990237
1.0,0.011430577437082926,1.25e-05,0.8333333333333334,0.6652240753173828
1.0,0.007147403558095297,1.25e-05,0.8666666666666667,0.5117236773173014
1.0,0.006938249866167704,1.25e-05,0.8666666666666667,0.4513000170389811
1.0,0.00645502507686615,1.25e-05,0.8666666666666667,0.46795380910237633
1.0,0.006238215168317159,1.25e-05,0.8666666666666667,0.4608924865722656
1.0,0.006452335913976034,1.25e-05,0.9,0.4566518783569336
1.0,0.009536256392796835,1.25e-05,0.8666666666666667,0.5105470021565756
1.0,0.006976587076981862,1.25e-05,0.8666666666666667,0.49240407943725584
1.0,0.007116821904977162,1.25e-05,0.8,0.4957873026529948
1.0,0.009875664114952087,1.25e-05,0.8666666666666667,0.5597602844238281
1.0,0.008244808514912922,1.25e-05,0.8666666666666667,0.5286076545715332
1.0,0.006369079152743022,1.25e-05,0.8666666666666667,0.46001205444335935
1.0,0.006058906515439351,1.25e-05,0.8666666666666667,0.5229128201802572
1.0,0.007370465497175852,1.25e-05,0.9,0.4786821365356445
1.0,0.010166963934898377,1.25e-05,0.8333333333333334,0.6369689305623373
1.0,0.008743398388226827,1.25e-05,0.8666666666666667,0.5292036374409993
1.0,0.007880945007006328,1.25e-05,0.9,0.5219631512959798
1.0,0.007455300788084666,1.25e-05,0.9,0.49037799835205076
1.0,0.006371907393137614,1.25e-05,0.8666666666666667,0.46580753326416013
1.0,0.006443093220392863,1.25e-05,0.8666666666666667,0.4426934242248535
1.0,0.007502100865046183,1.25e-05,0.9,0.48598607381184894
1.0,0.006358036895593008,1.25e-05,0.8666666666666667,0.44593537648518883
1.0,0.005977737903594971,1.25e-05,0.9,0.4536910057067871
1.0,0.005551288525263469,1.25e-05,0.8666666666666667,0.4550588607788086
1.0,0.008845571676890056,6.25e-06,0.8666666666666667,0.4738162358601888
1.0,0.00933414399623871,6.25e-06,0.8666666666666667,0.47590821584065757
1.0,0.009628898898760478,6.25e-06,0.8666666666666667,0.48277241388956704
1.0,0.006692997614542643,6.25e-06,0.9,0.5004934628804525
1.0,0.00826725165049235,6.25e-06,0.8,0.5415061950683594
1.0,0.009008783102035522,6.25e-06,0.7666666666666667,0.6002540588378906
1.0,0.008724881211916606,6.25e-06,0.8,0.5978326161702474
1.0,0.005989230175813039,6.25e-06,0.8333333333333334,0.5380394617716472
1.0,0.007828791439533234,6.25e-06,0.8333333333333334,0.47936010360717773
1.0,0.007345661024252574,6.25e-06,0.8333333333333334,0.5091684977213542
1.0,0.006134583055973053,6.25e-06,0.8333333333333334,0.5071367263793946
1.0,0.007596408327420552,6.25e-06,0.8666666666666667,0.4548924128214518
1.0,0.00763797511657079,6.25e-06,0.8666666666666667,0.4579732894897461
1.0,0.005360467235247294,6.25e-06,0.9,0.4847248077392578
1.0,0.007042018075784047,6.25e-06,0.8666666666666667,0.5049517949422201
1.0,0.00845178763071696,6.25e-06,0.8666666666666667,0.512912654876709
1.0,0.006258652607599894,6.25e-06,0.9,0.5008628527323405
1.0,0.008204665780067445,6.25e-06,0.8666666666666667,0.5726086298624674
1.0,0.007558106382687887,6.25e-06,0.8666666666666667,0.49597803751627606
1.0,0.008871355652809143,6.25e-06,0.8666666666666667,0.5255915959676106
1.0,0.006716150542100271,6.25e-06,0.8666666666666667,0.4760344823201497
1.0,0.006377204259236654,6.25e-06,0.9,0.49046656290690105
1.0,0.005906660854816437,6.25e-06,0.8666666666666667,0.462095832824707
1.0,0.007002400358517965,6.25e-06,0.9,0.4762428283691406
1.0,0.007144745687643687,6.25e-06,0.9,0.4799079895019531
1.0,0.006950320303440094,6.25e-06,0.8333333333333334,0.45379161834716797
1.0,0.005154089629650116,6.25e-06,0.8666666666666667,0.5243758837381999
1.0,0.007463382681210836,6.25e-06,0.9,0.4625720977783203
1.0,0.00757342924674352,6.25e-06,0.9,0.5089342435201009
1.0,0.009022428592046102,6.25e-06,0.9,0.4836968104044596
1.0,0.006565426786740621,6.25e-06,0.9,0.43873427708943685
1.0,0.007841155926386515,6.25e-06,0.9,0.46980568567911785
1.0,0.005033910274505615,6.25e-06,0.9,0.4926141738891602
1.0,0.004418093462785085,6.25e-06,0.8666666666666667,0.4723896344502767
1.0,0.008013227581977844,6.25e-06,0.9,0.4903628667195638
1.0,0.008250505725542704,6.25e-06,0.8666666666666667,0.5561909357706706
1.0,0.009353442986806234,6.25e-06,0.8666666666666667,0.5054062207539877
1.0,0.006641283631324768,6.25e-06,0.8666666666666667,0.5046813646952312
1.0,0.008383784691492717,6.25e-06,0.8666666666666667,0.5516890207926433
1.0,0.008128727972507476,6.25e-06,0.8333333333333334,0.5285236358642578
1.0,0.008840972185134887,6.25e-06,0.9,0.4740214665730794
1.0,0.006382867693901062,6.25e-06,0.8666666666666667,0.47411556243896485
1.0,0.007511947552363078,6.25e-06,0.9,0.4707475662231445
1.0,0.005491320788860321,6.25e-06,0.8666666666666667,0.4657643636067708
1.0,0.007093371947606405,6.25e-06,0.9,0.5055316289265951
1.0,0.006282687187194824,6.25e-06,0.9,0.49745133717854817
1.0,0.005719819168249766,6.25e-06,0.8333333333333334,0.49074668884277345
1.0,0.0066655859351158146,6.25e-06,0.9,0.4792850176493327
1.0,0.006679849823315939,6.25e-06,0.9,0.48445332845052086
1.0,0.0057249347368876135,6.25e-06,0.8666666666666667,0.4898892720540365
1.0,0.007250780860582988,6.25e-06,0.9,0.5059256553649902
1.0,0.006416220466295878,6.25e-06,0.9,0.48067760467529297
1.0,0.005165031552314759,6.25e-06,0.9,0.4912064552307129
1.0,0.006266088287035624,6.25e-06,0.8,0.4939917882283529
1.0,0.005808426936467489,6.25e-06,0.8,0.5073176066080729
1.0,0.007375967999299367,6.25e-06,0.9,0.5006494839986165
1.0,0.008032786349455515,6.25e-06,0.9,0.49179099400838217
1.0,0.0065266033013661705,6.25e-06,0.8,0.5284836769104004
1.0,0.00797106126944224,6.25e-06,0.8666666666666667,0.5775521596272787
1.0,0.006359875202178955,6.25e-06,0.8666666666666667,0.5014818191528321
1.0,0.00675492783387502,6.25e-06,0.8666666666666667,0.5367536544799805
1.0,0.006644249459107717,6.25e-06,0.8666666666666667,0.5124498049418131
1.0,0.007526548703511556,6.25e-06,0.8666666666666667,0.4709223747253418
1.0,0.006868001818656921,6.25e-06,0.8666666666666667,0.5185065269470215
1.0,0.008664518594741821,6.25e-06,0.9,0.5077946980794271
1.0,0.00665605217218399,6.25e-06,0.8333333333333334,0.5033939043680827
1.0,0.006425794959068298,6.25e-06,0.9,0.5245272954305013
1.0,0.007399323582649231,6.25e-06,0.9,0.5222380956013998
1.0,0.0073673993349075316,6.25e-06,0.8333333333333334,0.5670469919840495
1.0,0.007593581080436706,6.25e-06,0.9,0.4919988950093587
1.0,0.00670292874177297,6.25e-06,0.9,0.4872015317281087
1.0,0.00650046318769455,6.25e-06,0.8666666666666667,0.5149757067362467
1.0,0.007221153875192007,6.25e-06,0.9,0.4982588450113932
1.0,0.007556718587875366,6.25e-06,0.8666666666666667,0.524137306213379
1.0,0.006549903253714243,6.25e-06,0.8333333333333334,0.4949249267578125
1.0,0.006950316329797109,6.25e-06,0.9,0.5185629208882649
1.0,0.0076686163743337,6.25e-06,0.9,0.5319652239481608
1.0,0.005933064222335816,6.25e-06,0.8666666666666667,0.49395135243733723
1.0,0.004895621041456858,6.25e-06,0.8333333333333334,0.48096157709757487
1.0,0.0065578088164329525,6.25e-06,0.8666666666666667,0.5427865982055664
1.0,0.006923306485017141,6.25e-06,0.8666666666666667,0.4817876180013021
1.0,0.0084671288728714,6.25e-06,0.9,0.5342645009358724
1.0,0.006851586202780406,6.25e-06,0.9,0.5516860326131184
1.0,0.00871291955312093,6.25e-06,0.9,0.49801979064941404
1.0,0.007335015137990316,3.125e-06,0.8666666666666667,0.5380363464355469
1.0,0.005905544757843018,3.125e-06,0.9,0.493055788675944
1.0,0.006063401699066162,3.125e-06,0.8666666666666667,0.48869524002075193
1.0,0.0061214680473009745,3.125e-06,0.9,0.4653745333353678
1.0,0.007776808242003123,3.125e-06,0.9,0.4971171379089355
1.0,0.007892126341660817,3.125e-06,0.8666666666666667,0.565701675415039
1.0,0.007812226315339407,3.125e-06,0.9,0.49660215377807615
1.0,0.005554819107055664,3.125e-06,0.9,0.4697977701822917
1.0,0.007083702584107717,3.125e-06,0.9,0.462117067972819
1.0,0.006756119926770528,3.125e-06,0.8666666666666667,0.5085608482360839
1.0,0.006467458109060923,3.125e-06,0.8333333333333334,0.49909226099650067
1.0,0.005838436881701151,3.125e-06,0.9,0.5030695915222168
1.0,0.006188101569811503,3.125e-06,0.9,0.49971609115600585
1.0,0.007148367166519165,3.125e-06,0.9,0.4692315419514974
1.0,0.008356674512227377,3.125e-06,0.8666666666666667,0.4877609888712565
1.0,0.007215538124243418,3.125e-06,0.9,0.4937504132588704
1.0,0.006232323745886485,3.125e-06,0.8666666666666667,0.49789002736409504
1.0,0.005595951279004415,3.125e-06,0.9,0.48072745005289713
1.0,0.005979794263839722,3.125e-06,0.8666666666666667,0.4696382840474447
1.0,0.0053324053684870405,3.125e-06,0.9,0.473255189259847
1.0,0.005020079016685486,3.125e-06,0.9,0.5138689359029134
1.0,0.005747634172439575,3.125e-06,0.9,0.4849994659423828
1.0,0.006054647266864777,3.125e-06,0.9,0.475576655069987
1.0,0.006554322441418966,3.125e-06,0.9,0.4844816525777181
1.0,0.006083690126736959,3.125e-06,0.8,0.5046085993448893
1.0,0.005925021568934123,3.125e-06,0.8666666666666667,0.4898231824239095
1.0,0.007941926519076029,3.125e-06,0.9,0.4824476877848307
1.0,0.006976848840713501,3.125e-06,0.9,0.4828227996826172
1.0,0.006661127010981242,3.125e-06,0.9,0.50759916305542
1.0,0.0060371488332748415,3.125e-06,0.9,0.4774531682332357
1.0,0.006081426640351614,3.125e-06,0.8333333333333334,0.46195011138916015
1.0,0.007030193507671356,3.125e-06,0.9,0.48261022567749023
1.0,0.007338281472524007,3.125e-06,0.9,0.4959036191304525
1.0,0.005592156946659088,3.125e-06,0.8333333333333334,0.489759635925293
1.0,0.006530175606409709,3.125e-06,0.8666666666666667,0.5188331286112468
1.0,0.00639212429523468,3.125e-06,0.8333333333333334,0.5224129358927408
1.0,0.005250398317972819,3.125e-06,0.9,0.4937530517578125
1.0,0.005602884292602539,3.125e-06,0.9,0.48940884272257484
1.0,0.0062670201063156124,3.125e-06,0.9,0.5171463330586751
1.0,0.006129840513070425,3.125e-06,0.9,0.4943934758504232
1.0,0.010465572277704874,3.125e-06,0.8333333333333334,0.6595469156901042
1.0,0.005815538763999939,3.125e-06,0.9,0.5096248944600423
1.0,0.007376090188821157,3.125e-06,0.9,0.4916033109029134
1.0,0.006530158718427022,3.125e-06,0.9,0.47860126495361327
1.0,0.006033870577812195,3.125e-06,0.8333333333333334,0.5006275812784831
1.0,0.007136639952659607,3.125e-06,0.8666666666666667,0.5490583419799805
1.0,0.00457558532555898,3.125e-06,0.8,0.5041165351867676
1.0,0.005563945074876149,3.125e-06,0.9,0.4716195106506348
1.0,0.006569234033425649,3.125e-06,0.8666666666666667,0.5041864077250163
1.0,0.007018055021762848,3.125e-06,0.8333333333333334,0.6108463923136394
1.0,0.00636021892229716,3.125e-06,0.8666666666666667,0.5390691121419271
1.0,0.009912588198979696,2e-06,0.8333333333333334,0.6360283533732096
1.0,0.008034164210160573,2e-06,0.8,0.5746439615885417
1.0,0.005495940645535787,2e-06,0.8666666666666667,0.5344477335611979
1.0,0.005493834614753723,2e-06,0.8333333333333334,0.4893508275349935
1.0,0.004812084635098775,2e-06,0.8666666666666667,0.5636807759602864
1.0,0.006434552371501923,2e-06,0.8666666666666667,0.4760807991027832
1.0,0.0067013899485270185,2e-06,0.9,0.5016842842102051
1.0,0.006477622191111246,2e-06,0.9,0.49712632497151693
1.0,0.006897283593813578,2e-06,0.9,0.5057720184326172
1.0,0.006021745502948761,2e-06,0.8666666666666667,0.46709909439086916
1.0,0.00596687247355779,2e-06,0.9,0.4750914255777995
1.0,0.006837721665700277,2e-06,0.9,0.5111857414245605
1.0,0.007088318467140198,2e-06,0.8666666666666667,0.49390236536661786
1.0,0.006195207933584849,2e-06,0.9,0.48876047134399414
1.0,0.0067503000299135845,2e-06,0.8666666666666667,0.46303434371948243
1.0,0.00590514341990153,2e-06,0.9,0.4912730852762858
1.0,0.006056661903858185,2e-06,0.9,0.4818544387817383
1.0,0.004763985673586528,2e-06,0.9,0.4834463119506836
1.0,0.00518005887667338,2e-06,0.9,0.4803411801656087
1.0,0.0055275455117225645,2e-06,0.8666666666666667,0.438371467590332
1.0,0.007329925894737244,2e-06,0.9,0.4972675323486328
1.0,0.005186208089192708,2e-06,0.9,0.47408860524495444
1.0,0.006403412918249766,2e-06,0.9,0.4589286168416341
1.0,0.005896248420079549,2e-06,0.8666666666666667,0.4526025136311849
1.0,0.006724545856316885,2e-06,0.8666666666666667,0.4581008275349935
1.0,0.005591653784116109,2e-06,0.9,0.4874177614847819
1.0,0.00728025883436203,2e-06,0.8333333333333334,0.48326450983683267
1.0,0.007764771083990733,2e-06,0.9,0.5356048583984375
1.0,0.005789867540200552,2e-06,0.8666666666666667,0.4731866200764974
1.0,0.005701129635175069,2e-06,0.8666666666666667,0.5001479784647623
1.0,0.005557704965273539,2e-06,0.9,0.5017053286234537
1.0,0.006874588131904602,2e-06,0.9,0.46464147567749026
1.0,0.007456531127293904,2e-06,0.9,0.4864297866821289
1.0,0.007242939372857412,2e-06,0.8666666666666667,0.5423689524332682
1.0,0.005624700089295705,2e-06,0.9,0.4962331771850586
1.0,0.005969634155432383,2e-06,0.8666666666666667,0.4563538233439128
1.0,0.006612048049767812,2e-06,0.8666666666666667,0.49860045115152996
1.0,0.00547566016515096,2e-06,0.8,0.5017015775044759
1.0,0.0053063849608103435,2e-06,0.9,0.5107752482096354
1.0,0.006176174680391947,2e-06,0.8666666666666667,0.47079585393269857
1.0,0.0073930367827415465,2e-06,0.9,0.4979670524597168
1.0,0.008404781421025595,2e-06,0.8666666666666667,0.5666082382202149
1.0,0.005675037205219269,2e-06,0.9,0.439311154683431
1.0,0.005599757532278696,2e-06,0.9,0.49542182286580405
1.0,0.00797605315844218,2e-06,0.8666666666666667,0.5945304234822592
1.0,0.004660474757353465,2e-06,0.8666666666666667,0.4788790702819824
1.0,0.007154549658298493,2e-06,0.9,0.5031923611958822
1.0,0.0064643874764442446,2e-06,0.9,0.4371659278869629
1.0,0.0050424938400586445,2e-06,0.8666666666666667,0.46114311218261717
1.0,0.006020134687423706,2e-06,0.9,0.47644087473551433
1.0,0.005872697631518046,2e-06,0.8,0.47379430135091144
1.0,0.00500059574842453,2e-06,0.8666666666666667,0.505124568939209
1.0,0.0050367320577303564,2e-06,0.8333333333333334,0.4425887743631999
1.0,0.005558780332406362,2e-06,0.8666666666666667,0.44955838521321617
1.0,0.005003039042154948,2e-06,0.9,0.502963638305664
1.0,0.006236337125301361,2e-06,0.9,0.5056535720825195
1.0,0.005197986463705699,2e-06,0.8666666666666667,0.5320737838745118
1.0,0.003988085190455118,2e-06,0.8666666666666667,0.4595385869344076
1.0,0.0050911088784535725,2e-06,0.8666666666666667,0.5266150792439779
1.0,0.006917110582192739,2e-06,0.8666666666666667,0.512577215830485
1.0,0.006384299198786417,2e-06,0.9,0.5063630104064941
1.0,0.006651257971922556,2e-06,0.8666666666666667,0.5522713343302409
1.0,0.006000928580760956,2e-06,0.8666666666666667,0.5217398007710775
1.0,0.006844124694665273,2e-06,0.8666666666666667,0.5370789210001627
1.0,0.007329534987608592,2e-06,0.9,0.5067271868387858
1.0,0.007110813756783804,2e-06,0.9,0.49912951787312826
1.0,0.006602682669957479,2e-06,0.9,0.5036832173665364
1.0,0.00509524792432785,2e-06,0.9,0.4683725357055664
1.0,0.006260662774244944,2e-06,0.9,0.5019428571065266
1.0,0.0054771706461906435,2e-06,0.8,0.4760507265726725
1.0,0.006557940940062205,2e-06,0.9,0.4680787722269694
1.0,0.005136864384015402,2e-06,0.9,0.4569144566853841
1.0,0.006129627923170725,2e-06,0.9,0.4722503662109375
1.0,0.006352246801058451,2e-06,0.9,0.4909700075785319
1.0,0.0058026904861132305,2e-06,0.9,0.4670821189880371
1.0,0.005614180366198222,2e-06,0.9,0.5106506983439127
1.0,0.005980896949768067,2e-06,0.9,0.47470356623331705
1.0,0.004872177044550578,2e-06,0.9,0.475274912516276
1.0,0.006289248168468475,2e-06,0.9,0.513407293955485
1.0,0.006257773439089457,2e-06,0.9,0.49398298263549806
1.0,0.005672869582970937,2e-06,0.9,0.4825683275858561
1.0,0.0053933466474215186,2e-06,0.9,0.4683503786722819
1.0,0.0065283750494321184,2e-06,0.8666666666666667,0.6028467814127604
1.0,0.005665428936481476,2e-06,0.9,0.4980757713317871
1.0,0.005685758093992869,2e-06,0.9,0.47318251927693683
1.0,0.005701136589050293,2e-06,0.9,0.48685471216837567
1.0,0.007283222675323486,2e-06,0.8666666666666667,0.51661589940389
1.0,0.005287229518095652,2e-06,0.9,0.5024094899495443
1.0,0.0065400630235672,2e-06,0.9,0.5306464195251465
1.0,0.006330289443333944,2e-06,0.9,0.4619867960611979
1.0,0.005778081218401591,2e-06,0.9,0.49444894790649413
1.0,0.00730864405632019,2e-06,0.9,0.45660117467244465
1.0,0.0054266005754470825,2e-06,0.8666666666666667,0.5275330861409505
1.0,0.005218139290809632,2e-06,0.9,0.4830985387166341
1.0,0.004889144003391266,2e-06,0.8666666666666667,0.4502792994181315
1.0,0.005289039512475332,2e-06,0.9,0.5123976071675619
1.0,0.00533735454082489,2e-06,0.9,0.4732573827107747
1.0,0.006810536483923594,2e-06,0.9,0.5463903427124024
1.0,0.00860124131043752,2e-06,0.8666666666666667,0.5333278338114421
1.0,0.006002157429854075,2e-06,0.9,0.5075133323669434
1.0,0.004758806029955546,2e-06,0.8,0.480566151936849
1.0,0.006553023556868235,2e-06,0.8333333333333334,0.522344970703125
1.0,0.006222919623057047,2e-06,0.8333333333333334,0.48844013214111326
1.0,0.006603001554807027,2e-06,0.9,0.47151044209798176
1.0,0.00799188365538915,2e-06,0.8666666666666667,0.5962271372477214
1.0,0.0061799546082814535,2e-06,0.9,0.46359208424886067
1.0,0.005642625192801158,2e-06,0.9,0.48705253601074217
1.0,0.005603707830111186,2e-06,0.9,0.5071392059326172
1.0,0.005895322561264038,2e-06,0.9,0.5155409812927246
1.0,0.005012082556883494,2e-06,0.9,0.5109574635823567
1.0,0.0033178905646006267,2e-06,0.9,0.5017466227213542
1.0,0.004415933787822723,2e-06,0.9,0.47286081314086914
1.0,0.005895947913328806,2e-06,0.9,0.4840826988220215
1.0,0.0052963127692540485,2e-06,0.8333333333333334,0.48684295018513996
1.0,0.006659709910551707,2e-06,0.8666666666666667,0.5214276949564616
1.0,0.007226871947447459,2e-06,0.9,0.5024451891581218
1.0,0.005291651686032613,2e-06,0.9,0.45866047541300453
1.0,0.006873279313246409,2e-06,0.8666666666666667,0.5241537094116211
1.0,0.007064943512280782,2e-06,0.9,0.48697694142659503
1.0,0.0067407121260960896,2e-06,0.9,0.47675161361694335
1.0,0.005830509463946024,2e-06,0.9,0.4926530202229818
1.0,0.006141790747642517,2e-06,0.8666666666666667,0.5583525975545247
1.0,0.005371028681596121,2e-06,0.8666666666666667,0.45539900461832683
1.0,0.005177123844623566,2e-06,0.8666666666666667,0.48600781758626305
1.0,0.007564828793207804,2e-06,0.9,0.48675429026285805
1.0,0.005211648344993591,2e-06,0.9,0.4872431755065918
1.0,0.005435565610726675,2e-06,0.9,0.4770716031392415
1.0,0.00618686725695928,2e-06,0.8666666666666667,0.46934274037679036
1.0,0.006062650680541992,2e-06,0.9,0.485571034749349
1.0,0.005211598674456279,2e-06,0.8666666666666667,0.4483408292134603
1.0,0.005357012152671814,2e-06,0.9,0.486673100789388
1.0,0.006110771000385285,2e-06,0.8666666666666667,0.5349544525146485
1.0,0.0054066449403762816,2e-06,0.8333333333333334,0.470013427734375
1.0,0.0056381672620773315,2e-06,0.8666666666666667,0.4520233154296875
1.0,0.0066105226675669355,2e-06,0.9,0.4735452969868978
1.0,0.00669156809647878,2e-06,0.9,0.5021437009175619
1.0,0.008180984357992808,2e-06,0.8666666666666667,0.572918192545573
1.0,0.006002272665500641,2e-06,0.9,0.4865875244140625
1.0,0.005431508521238962,2e-06,0.9,0.4721342404683431
1.0,0.005429234107335409,2e-06,0.9,0.5089777310689291
1.0,0.005771448214848836,2e-06,0.9,0.507498041788737
1.0,0.007067227860291799,2e-06,0.8666666666666667,0.5341699600219727
1.0,0.0054471507668495175,2e-06,0.9,0.47593653996785484
1.0,0.00530996173620224,2e-06,0.9,0.4910987536112467
1.0,0.005660743514696757,2e-06,0.9,0.49169638951619465
1.0,0.005335673689842224,2e-06,0.9,0.5024065971374512
1.0,0.006631369392077128,2e-06,0.8666666666666667,0.4611928939819336
1.0,0.006424939632415772,2e-06,0.8666666666666667,0.5636931737263997
1.0,0.005833292007446289,2e-06,0.8666666666666667,0.5008054415384928
1.0,0.006591592729091644,2e-06,0.9,0.4761513074239095
1.0,0.005223565300305684,2e-06,0.9,0.4943362236022949
1.0,0.004664961000283559,2e-06,0.9,0.5204005241394043
1.0,0.004286592205365499,2e-06,0.8666666666666667,0.5057510693868001
1.0,0.006644229094187419,2e-06,0.9,0.49231106440226235
1.0,0.00580545167128245,2e-06,0.9,0.49245004653930663
1.0,0.004236950973669688,2e-06,0.9,0.5241716702779134
1.0,0.00462171733379364,2e-06,0.8666666666666667,0.5167064030965169
1.0,0.0051756153504053755,2e-06,0.8666666666666667,0.5575624465942383
1.0,0.007276156544685363,2e-06,0.9,0.5162158648173014
1.0,0.005296497543652853,2e-06,0.8333333333333334,0.5340220769246419
1.0,0.007437667747338613,2e-06,0.8666666666666667,0.5438612620035808
1.0,0.007041560610135397,2e-06,0.8666666666666667,0.5325231552124023
1.0,0.007564935584863027,2e-06,0.8,0.6007359186808269
1.0,0.006221064428488413,2e-06,0.9,0.48178046544392905
1.0,0.007225073873996735,2e-06,0.8666666666666667,0.5489580154418945
1.0,0.007441876331965128,2e-06,0.8666666666666667,0.5886010487874349
1.0,0.00781904806693395,2e-06,0.8666666666666667,0.5782466888427734
1.0,0.005097558597723643,2e-06,0.9,0.5161014556884765
1.0,0.0051842167973518375,2e-06,0.9,0.47233616511027016
1.0,0.004825101792812347,2e-06,0.9,0.46245161692301434
1.0,0.006174926956494649,2e-06,0.9,0.517610232035319
1.0,0.005027299125989278,2e-06,0.9,0.5066273371378581
1.0,0.008008497456709543,2e-06,0.8666666666666667,0.5634086608886719
1.0,0.008140140771865844,2e-06,0.8666666666666667,0.5429829915364583
1.0,0.0069188455740610754,2e-06,0.9,0.5012106577555339
1.0,0.005362079044183095,2e-06,0.8,0.5024685541788737
1.0,0.006043203175067902,2e-06,0.9,0.48977069854736327
1.0,0.004823371767997742,2e-06,0.9,0.45869528452555336
1.0,0.006440819799900055,2e-06,0.9,0.4537045478820801
1.0,0.005345375339190165,2e-06,0.8666666666666667,0.46389312744140626
1.0,0.005096932748953501,2e-06,0.9,0.4628041585286458
1.0,0.0055898626645406084,2e-06,0.9,0.4728995323181152
1.0,0.005514529347419739,2e-06,0.9,0.46006040573120116
1.0,0.005547930300235748,2e-06,0.9,0.4854856173197428
1.0,0.005614370107650757,2e-06,0.9,0.45204553604125974
1.0,0.006206790109475454,2e-06,0.9,0.450597604115804
1.0,0.007132465143998464,2e-06,0.9,0.5139340400695801
1.0,0.004121398677428564,2e-06,0.8666666666666667,0.5282744407653809
1.0,0.004534579813480377,2e-06,0.8333333333333334,0.47763748168945314
1.0,0.005660691857337951,2e-06,0.9,0.486676279703776
1.0,0.003275511165459951,2e-06,0.9,0.4723171869913737
1.0,0.004447432855765025,2e-06,0.9,0.45840314229329426
1.0,0.004728251198927561,2e-06,0.8666666666666667,0.4640276590983073
1.0,0.005278291801611583,2e-06,0.9,0.46780033111572267
1.0,0.006207668781280517,2e-06,0.8666666666666667,0.4657093365987142
1.0,0.00554375151793162,2e-06,0.9,0.4773335774739583
1.0,0.005472290515899658,2e-06,0.9,0.45052661895751955
1.0,0.006723910570144653,2e-06,0.9,0.4796982447306315
1.0,0.006363788247108459,2e-06,0.9,0.49592517217000326
1.0,0.005331969757874807,2e-06,0.9,0.47497552235921225
1.0,0.007143321633338928,2e-06,0.8666666666666667,0.5109637578328451
1.0,0.005835668245951334,2e-06,0.9,0.49645843505859377
1.0,0.005905245741208394,2e-06,0.9,0.4613384246826172
1.0,0.006698297460873922,2e-06,0.9,0.4930219332377116
1.0,0.005006976922353109,2e-06,0.9,0.5067024866739909
1.0,0.005356094737847646,2e-06,0.8666666666666667,0.44853223164876305
1.0,0.006941741704940796,2e-06,0.8666666666666667,0.5416482289632162
1.0,0.006059605876604716,2e-06,0.9,0.4810888926188151
1.0,0.005839342375596365,2e-06,0.9,0.48896592458089194
1.0,0.006470701595147451,2e-06,0.9,0.503651237487793
1.0,0.007820835212866466,2e-06,0.8666666666666667,0.5858819961547852
1.0,0.004563465217749278,2e-06,0.8333333333333334,0.4734992345174154
1.0,0.0051157509287198385,2e-06,0.9,0.47563886642456055
1.0,0.005247822900613149,2e-06,0.9,0.5141032854715983
1.0,0.004712025324503581,2e-06,0.9,0.5072701136271159
1.0,0.006814218560854594,2e-06,0.8666666666666667,0.5407432556152344
1.0,0.0061357503135999044,2e-06,0.8333333333333334,0.48400182723999025
1.0,0.0058587456742922464,2e-06,0.9,0.4730733871459961
1.0,0.007003644605477651,2e-06,0.9,0.49710585276285807
1.0,0.006071657439072927,2e-06,0.9,0.4662739117940267
1.0,0.004526405036449433,2e-06,0.8666666666666667,0.46769498189290365
1.0,0.005365880330403646,2e-06,0.9,0.4639019330342611
1.0,0.005817742149035136,2e-06,0.8666666666666667,0.46385345458984373
1.0,0.004971998929977417,2e-06,0.8,0.4657037099202474
1.0,0.0035561059912045797,2e-06,0.8666666666666667,0.47107521692911786
1.0,0.005554341773192088,2e-06,0.8666666666666667,0.46725304921468097
1.0,0.005613126357396444,2e-06,0.8666666666666667,0.46685765584309896
1.0,0.006837400297323863,2e-06,0.8333333333333334,0.4898137092590332
1.0,0.006036286056041717,2e-06,0.8,0.4567814826965332
1.0,0.005645051101843516,2e-06,0.9,0.4755139668782552
1.0,0.005810753007729848,2e-06,0.9,0.4801716486612956
1.0,0.006883489092191061,2e-06,0.9,0.48424018224080406
1.0,0.004481411973635356,2e-06,0.9,0.4433588663736979
1.0,0.0053874810536702475,2e-06,0.8666666666666667,0.45539061228434247
1.0,0.005647445221741995,2e-06,0.9,0.43709274927775066
1.0,0.005907663702964782,2e-06,0.9,0.5203392346700032
1.0,0.006998478869597117,2e-06,0.9,0.5189611117045084
1.0,0.005310911436875661,2e-06,0.9,0.4650877952575684
1.0,0.005827113489309947,2e-06,0.9,0.47204084396362306
1.0,0.005306025346120198,2e-06,0.9,0.4718419392903646
1.0,0.005642140905062358,2e-06,0.9,0.4706793467203776
1.0,0.005847838521003723,2e-06,0.9,0.46958084106445314
1.0,0.004494894047578176,2e-06,0.9,0.46692851384480794
1.0,0.005736654003461202,2e-06,0.8,0.47091827392578123
1.0,0.005424034595489502,2e-06,0.9,0.45538212458292643
1.0,0.005033280452092489,2e-06,0.9,0.5091439882914225
1.0,0.00403590127825737,2e-06,0.8666666666666667,0.4829248428344727
1.0,0.006213946640491486,2e-06,0.9,0.4835260073343913
1.0,0.0064056187868118284,2e-06,0.8666666666666667,0.5374176661173503
1.0,0.006541387736797332,2e-06,0.8666666666666667,0.6020762125651041
1.0,0.006871152917544047,2e-06,0.9,0.5259117126464844
1.0,0.0056894267598787945,2e-06,0.9,0.50340150197347
1.0,0.0066616823275883995,2e-06,0.9,0.4617754618326823
1.0,0.004476223389307658,2e-06,0.9,0.4288733164469401
1.0,0.006439006328582764,2e-06,0.9,0.49955596923828127
1.0,0.0063512255748112995,2e-06,0.8666666666666667,0.5303692181905111
1.0,0.007061265408992767,2e-06,0.9,0.5072662353515625
1.0,0.00611366331577301,2e-06,0.8666666666666667,0.5883789698282877
1.0,0.005297012627124786,2e-06,0.8333333333333334,0.5088070233662924
1.0,0.00724026213089625,2e-06,0.9,0.5071805000305176
1.0,0.007706235349178314,2e-06,0.8666666666666667,0.5587879180908203
1.0,0.007306396961212158,2e-06,0.8,0.6062541961669922
1.0,0.005620087186495463,2e-06,0.8666666666666667,0.5475908279418945
1.0,0.006590217848618825,2e-06,0.8666666666666667,0.5050333340962728
1.0,0.0073593835035959876,2e-06,0.8666666666666667,0.5894292831420899
1.0,0.005499131480852763,2e-06,0.9,0.47810856501261395
1.0,0.006120925148328145,2e-06,0.9,0.4772549947102865
1.0,0.005341032147407531,2e-06,0.8666666666666667,0.5168911616007487
1.0,0.00505740890900294,2e-06,0.8,0.5215959548950195
1.0,0.005217995246251424,2e-06,0.8,0.5130649248758952
1.0,0.005244401097297668,2e-06,0.8333333333333334,0.5722479502360026
1.0,0.005390031635761261,2e-06,0.8666666666666667,0.5531786600748698
1.0,0.0054368803898493445,2e-06,0.8666666666666667,0.5279651959737142
1.0,0.0058842629194259645,2e-06,0.8666666666666667,0.5735726038614909
1.0,0.004196196794509888,2e-06,0.9,0.4916216532389323
1.0,0.005163914958635966,2e-06,0.8666666666666667,0.4697473843892415
1.0,0.005338876446088155,2e-06,0.9,0.48653780619303383
1.0,0.004821613430976868,2e-06,0.9,0.46627852121988933
1.0,0.005166839559872945,2e-06,0.9,0.530915355682373
1.0,0.005962220331033071,2e-06,0.8666666666666667,0.5362473169962565
1.0,0.005720696349938711,2e-06,0.9,0.5013493537902832
1.0,0.005300479133923849,2e-06,0.9,0.4726933797200521
1.0,0.004806998868783315,2e-06,0.9,0.4734388033548991
1.0,0.005911509195963542,2e-06,0.9,0.4736020088195801
1.0,0.005960745612780253,2e-06,0.8,0.4938880284627279
1.0,0.004797513286272685,2e-06,0.9,0.47835454940795896
1.0,0.004358579218387604,2e-06,0.9,0.48273804982503254
1.0,0.006197082996368408,2e-06,0.9,0.47847267786661785
1.0,0.005323388675848643,2e-06,0.9,0.501930586496989
1.0,0.004772101839383443,2e-06,0.8333333333333334,0.49408210118611656
1.0,0.006313879291216532,2e-06,0.8666666666666667,0.5445675532023112
1.0,0.005338749289512635,2e-06,0.8666666666666667,0.49834327697753905
1.0,0.006359098354975382,2e-06,0.9,0.49035167694091797
1.0,0.0034321613609790804,2e-06,0.8666666666666667,0.47840436299641925
1.0,0.004810027778148651,2e-06,0.8333333333333334,0.49456427892049154
1.0,0.0043533921241760256,2e-06,0.8333333333333334,0.5098640441894531
1.0,0.0048830638329188025,2e-06,0.8666666666666667,0.48950796127319335
1.0,0.004656576613585154,2e-06,0.9,0.48445345560709635
1.0,0.004152839382489522,2e-06,0.9,0.5006801923116048
1.0,0.009215276439984639,2e-06,0.8333333333333334,0.6193621953328451
1.0,0.004950488110383352,2e-06,0.9,0.5095266342163086
1.0,0.00625573992729187,2e-06,0.9,0.4936604181925456
1.0,0.00625609407822291,2e-06,0.9,0.48890921274820964
1.0,0.0055624634027481076,2e-06,0.9,0.48513838450113933
1.0,0.005093094706535339,2e-06,0.9,0.5157381375630696
1.0,0.0046102464199066166,2e-06,0.9,0.45922549565633136
1.0,0.0039772078394889835,2e-06,0.9,0.4900868733723958
1.0,0.004620548089345296,2e-06,0.9,0.48096475601196287
1.0,0.0053427750865618386,2e-06,0.9,0.47757959365844727
1.0,0.007050745189189911,2e-06,0.8,0.5598217010498047
1.0,0.0048278942704200745,2e-06,0.8,0.6252250035603841
1.0,0.006087374687194824,2e-06,0.8666666666666667,0.4816843350728353
1.0,0.006021346151828766,2e-06,0.9,0.5021528879801432
1.0,0.004662576814492544,2e-06,0.8666666666666667,0.48228123982747395
1.0,0.004744301736354828,2e-06,0.8666666666666667,0.4539722760518392
1.0,0.005387074748675029,2e-06,0.8666666666666667,0.4698781967163086
1.0,0.007343782484531403,2e-06,0.8666666666666667,0.5186758359273275
1.0,0.005324500302473704,2e-06,0.8666666666666667,0.5364676793416341
1.0,0.007284106314182281,2e-06,0.8666666666666667,0.614978535970052
1.0,0.004953699310620626,2e-06,0.8,0.48843361536661783
1.0,0.005040225883324941,2e-06,0.8666666666666667,0.48945725758870445
1.0,0.004939272999763489,2e-06,0.9,0.4983859380086263
1.0,0.0046707977851231895,2e-06,0.9,0.488097095489502
1.0,0.005179408192634583,2e-06,0.8666666666666667,0.4575800577799479
1.0,0.005415621896584829,2e-06,0.9,0.5010274251302084
1.0,0.006190654138724009,2e-06,0.9,0.45533180236816406
1.0,0.005893909434477488,2e-06,0.9,0.4650904973347982
1.0,0.005658484001954397,2e-06,0.9,0.4653055508931478
1.0,0.005398901303609213,2e-06,0.9,0.47871901194254557
1.0,0.00532391220331192,2e-06,0.9,0.4761908531188965
1.0,0.005071865518887838,2e-06,0.9,0.44739888509114584
1.0,0.004727272192637125,2e-06,0.9,0.46259934107462564
1.0,0.004913794994354248,2e-06,0.8666666666666667,0.46726853052775064
1.0,0.006177385151386261,2e-06,0.9,0.4886477470397949
1.0,0.0048605148990949,2e-06,0.8666666666666667,0.46293780008951824
1.0,0.0043603534499804175,2e-06,0.9,0.47114992141723633
1.0,0.0070291648308436075,2e-06,0.8666666666666667,0.5135890007019043
1.0,0.005011964837710063,2e-06,0.9,0.45635878245035805
1.0,0.00717203418413798,2e-06,0.8666666666666667,0.5377325057983399
1.0,0.005285959442456563,2e-06,0.8666666666666667,0.4928257624308268
1.0,0.0040386343995730085,2e-06,0.9,0.48660265604654945
1.0,0.005687236785888672,2e-06,0.9,0.5264223098754883
1.0,0.005309736728668213,2e-06,0.9,0.5022487322489421
1.0,0.004717657963434855,2e-06,0.9,0.5233933130900065
1.0,0.004539413750171662,2e-06,0.8666666666666667,0.4644186973571777
1.0,0.005066088835398356,2e-06,0.9,0.4607118288675944
1.0,0.005853736897309622,2e-06,0.9,0.47628059387207033
1.0,0.006162586808204651,2e-06,0.8666666666666667,0.5710375467936198
1.0,0.007388030489285787,2e-06,0.8333333333333334,0.6474761962890625
1.0,0.004423320790131887,2e-06,0.9,0.4587035814921061
1.0,0.005061034858226776,2e-06,0.8666666666666667,0.4504770914713542
1.0,0.004846910138924917,2e-06,0.8666666666666667,0.5521633148193359
1.0,0.004945642749468486,2e-06,0.9,0.46135355631510416
1.0,0.004751560588677724,2e-06,0.9,0.4768559455871582
1.0,0.004870181282361348,2e-06,0.9,0.5078519821166992
1.0,0.005277581016222636,2e-06,0.8,0.4756394068400065
1.0,0.00516660362482071,2e-06,0.8666666666666667,0.46551615397135415
1.0,0.006008801857630411,2e-06,0.9,0.49622713724772133
1.0,0.004350092510382334,2e-06,0.9,0.49976952870686847
1.0,0.004621554911136627,2e-06,0.9,0.4904766082763672
1.0,0.004654329021771749,2e-06,0.8666666666666667,0.47497952779134117
1.0,0.005123565594355266,2e-06,0.9,0.4736270268758138
1.0,0.006036636730035146,2e-06,0.9,0.5024073600769043
1.0,0.006508670250574748,2e-06,0.9,0.5335665384928385
1.0,0.00508773277203242,2e-06,0.9,0.475366751352946
1.0,0.004474839071432749,2e-06,0.9,0.4902424176534017
1.0,0.005234644810358683,2e-06,0.8666666666666667,0.4709567387898763
1.0,0.003743444879849752,2e-06,0.9,0.5461899439493815
1.0,0.005010073880354563,2e-06,0.9,0.5087200164794922
1.0,0.004674342771371205,2e-06,0.9,0.4578121185302734
1.0,0.004641032715638479,2e-06,0.9,0.4711942672729492
1.0,0.004054507861534755,2e-06,0.9,0.5157524744669596
1.0,0.004976054032643636,2e-06,0.9,0.4699707984924316
1.0,0.005509310960769653,2e-06,0.8333333333333334,0.49086990356445315
1.0,0.005037560562292735,2e-06,0.9,0.45826266606648763
1.0,0.004528276125590007,2e-06,0.9,0.5009929021199544
1.0,0.0051372706890106205,2e-06,0.9,0.4764277776082357
1.0,0.005489976207415263,2e-06,0.9,0.47081467310587566
1.0,0.005090812345345815,2e-06,0.9,0.5052502950032552
1.0,0.006591098507245382,2e-06,0.8666666666666667,0.4648864428202311
1.0,0.005409957965215048,2e-06,0.9,0.5383328755696615
1.0,0.003313736617565155,2e-06,0.8666666666666667,0.4941125233968099
1.0,0.0049061367909113566,2e-06,0.9,0.48917992909749347
1.0,0.005705241362253825,2e-06,0.8,0.5053846359252929
1.0,0.004859325289726257,2e-06,0.9,0.5336373011271159
1.0,0.005553330481052399,2e-06,0.9,0.5137216250101725
1.0,0.0042658607165018715,2e-06,0.8666666666666667,0.5450421651204427
1.0,0.006113754709561666,2e-06,0.8666666666666667,0.516457716623942
1.0,0.006165227293968201,2e-06,0.8666666666666667,0.5396543502807617
1.0,0.004661671320597331,2e-06,0.8333333333333334,0.5403021494547526
1.0,0.0065355052550633745,2e-06,0.8666666666666667,0.5520110448201497
1.0,0.005536745488643646,2e-06,0.8333333333333334,0.5269326527913412
1.0,0.006233648955821991,2e-06,0.8,0.5407931645711263
1.0,0.004518820842107137,2e-06,0.8333333333333334,0.48011738459269204
1.0,0.005042352279027303,2e-06,0.9,0.4723204612731934
1.0,0.004668901860713959,2e-06,0.9,0.4742718696594238
1.0,0.00739965041478475,2e-06,0.9,0.5353760401407878
1.0,0.005547863245010376,2e-06,0.9,0.49854634602864584
1.0,0.004939749340216319,2e-06,0.9,0.4584334373474121
1.0,0.004806029299894969,2e-06,0.8333333333333334,0.4794461250305176
1.0,0.004710090160369873,2e-06,0.9,0.47235450744628904
1.0,0.004742041726907094,2e-06,0.8333333333333334,0.481967290242513
1.0,0.006474295755227407,2e-06,0.9,0.4993411699930827
1.0,0.005767298241456349,2e-06,0.9,0.5235629081726074
1.0,0.00489728053410848,2e-06,0.9,0.4657559076944987
1.0,0.004782634476820628,2e-06,0.9,0.47297143936157227
1.0,0.006145388384660085,2e-06,0.9,0.4753661791483561
1.0,0.004487977425257365,2e-06,0.9,0.4698513984680176
1.0,0.00526303897301356,2e-06,0.9,0.5148635546366374
1.0,0.004822541276613871,2e-06,0.8666666666666667,0.4942543347676595
1.0,0.005153060952822367,2e-06,0.8666666666666667,0.4656359672546387
1.0,0.005827948451042175,2e-06,0.8666666666666667,0.4718000094095866
1.0,0.0056137189269065855,2e-06,0.8666666666666667,0.5864587148030599
1.0,0.004688171545664469,2e-06,0.9,0.47832266489664715
1.0,0.005709062019983928,2e-06,0.9,0.5071639696756999
1.0,0.0063792953888575235,2e-06,0.9,0.48089787165323894
1.0,0.005337828894456228,2e-06,0.9,0.4973472595214844
1.0,0.006054160495599111,2e-06,0.9,0.4855160713195801
1.0,0.004119564096132914,2e-06,0.8666666666666667,0.45722052256266277
1.0,0.005493811766306559,2e-06,0.8666666666666667,0.5133303960164388
1.0,0.005581385890642802,2e-06,0.9,0.48744274775187174
1.0,0.005121583243211111,2e-06,0.9,0.4991875330607096
1.0,0.005103093385696411,2e-06,0.8666666666666667,0.5225221951802571
1.0,0.005661231776078542,2e-06,0.8666666666666667,0.47762365341186525
1.0,0.0047026862700780235,2e-06,0.8666666666666667,0.4673646291097005
1.0,0.005820335447788238,2e-06,0.9,0.5079975763956706
1.0,0.004554139077663421,2e-06,0.9,0.5018155097961425
1.0,0.004112820575634639,2e-06,0.9,0.46668370564778644
1.0,0.006142546733220418,2e-06,0.9,0.5150297164916993
1.0,0.005731379489103953,2e-06,0.9,0.5208468119303385
1.0,0.004787023365497589,2e-06,0.9,0.4651955604553223
1.0,0.006183157364527385,2e-06,0.8666666666666667,0.5333974838256836
1.0,0.005336735645929972,2e-06,0.9,0.49320211410522463
1.0,0.006008408466974894,2e-06,0.9,0.49419778188069663
1.0,0.006597251196702321,2e-06,0.9,0.508680502573649
1.0,0.005756004651387533,2e-06,0.9,0.4958299954732259
1.0,0.004199874401092529,2e-06,0.9,0.49944594701131184
1.0,0.005318438510100046,2e-06,0.8666666666666667,0.484293270111084
1.0,0.004377822081247966,2e-06,0.9,0.4865995089213053
1.0,0.0041645767788092295,2e-06,0.8666666666666667,0.5036438941955567
1.0,0.005029519399007161,2e-06,0.8666666666666667,0.48468605677286786
1.0,0.004684123396873474,2e-06,0.8333333333333334,0.46438776652018227
1.0,0.005512296656767527,2e-06,0.9,0.5088440895080566
1.0,0.005242237448692321,2e-06,0.9,0.5154152234395345
1.0,0.004057060678799947,2e-06,0.9,0.496981143951416
1.0,0.003256079802910487,2e-06,0.9,0.4872661908467611
1.0,0.005305875837802887,2e-06,0.9,0.44807399113972984
1.0,0.0058832998077074684,2e-06,0.9,0.5224365234375
1.0,0.0061978494127591455,2e-06,0.9,0.46099828084309896
1.0,0.004790743688742319,2e-06,0.8666666666666667,0.5065290133158366
1.0,0.004887475570042928,2e-06,0.9,0.5514976501464843
1.0,0.0051585853099823,2e-06,0.8666666666666667,0.5457129160563151
1.0,0.0046490952372550964,2e-06,0.9,0.49350366592407224
1.0,0.004649814963340759,2e-06,0.9,0.4907677968343099
1.0,0.005912612875302633,2e-06,0.9,0.5055973052978515
1.0,0.005481688678264618,2e-06,0.9,0.516604995727539
1.0,0.0041349433362483975,2e-06,0.8333333333333334,0.49284896850585935
1.0,0.004929207265377045,2e-06,0.8,0.4785882314046224
1.0,0.004883201917012533,2e-06,0.9,0.5151323954264323
1.0,0.005093814929326376,2e-06,0.9,0.4995020866394043
1.0,0.0046147570013999935,2e-06,0.8666666666666667,0.49096253712972004
1.0,0.005942653119564057,2e-06,0.9,0.4837357521057129
1.0,0.003241972625255585,2e-06,0.9,0.5107612291971843
1.0,0.005316579838593801,2e-06,0.9,0.46977640787760416
1.0,0.005117413898309072,2e-06,0.9,0.5057677904764811
1.0,0.005769385894139608,2e-06,0.9,0.48669331868489585
1.0,0.00589266171058019,2e-06,0.8666666666666667,0.47876202265421547
1.0,0.007504183053970337,2e-06,0.8666666666666667,0.5978112538655599
1.0,0.006410045425097147,2e-06,0.9,0.4765801429748535
1.0,0.006177311638991038,2e-06,0.9,0.4752070744832357
1.0,0.004888995985190074,2e-06,0.9,0.5239485422770183
1.0,0.003778752436240514,2e-06,0.9,0.48359473546346027
1.0,0.005029842754205068,2e-06,0.9,0.5507069269816081
1.0,0.005202780663967133,2e-06,0.9,0.47716299692789715
1.0,0.005529682338237763,2e-06,0.9,0.47904577255249026
1.0,0.005898645023504893,2e-06,0.9,0.5028108596801758
1.0,0.005232781171798706,2e-06,0.8666666666666667,0.512127939860026
1.0,0.005317004024982452,2e-06,0.9,0.48944152196248375
1.0,0.005111404756704966,2e-06,0.9,0.4819988250732422
1.0,0.005126429597536722,2e-06,0.9,0.5094890912373861
1.0,0.00545554260412852,2e-06,0.9,0.5314398765563965
1.0,0.004439126451810201,2e-06,0.8666666666666667,0.49316555658976235
1.0,0.00464562326669693,2e-06,0.8666666666666667,0.47762988408406576
1.0,0.0065379480520884195,2e-06,0.9,0.48609625498453773
1.0,0.00684991975625356,2e-06,0.9,0.5128986676534016
1.0,0.0042634104688962305,2e-06,0.9,0.47802632649739585
1.0,0.004610306521256765,2e-06,0.8666666666666667,0.45446589787801106
1.0,0.00441964715719223,2e-06,0.9,0.49595829645792644
1.0,0.004935122529665629,2e-06,0.9,0.4923053423563639
1.0,0.003600434462229411,2e-06,0.8666666666666667,0.4930259704589844
1.0,0.004961554209391276,2e-06,0.9,0.49318370819091795
1.0,0.005704437692960103,2e-06,0.9,0.47451680501302085
1.0,0.004808186491330465,2e-06,0.9,0.466447639465332
1.0,0.006805350383122762,2e-06,0.9,0.5332224210103352
1.0,0.004745212694009145,2e-06,0.9,0.46481205622355143
1.0,0.005644177893797556,2e-06,0.9,0.4786863327026367
1.0,0.004606812695662181,2e-06,0.9,0.4853842735290527
1.0,0.0058121780554453535,2e-06,0.9,0.5200987180074056
1.0,0.004982560376326243,2e-06,0.9,0.4504007975260417
1.0,0.004427686830361684,2e-06,0.9,0.4615144411722819
1.0,0.0056760196884473165,2e-06,0.9,0.5214574495951335
1.0,0.0059167499343554175,2e-06,0.8666666666666667,0.5314799308776855
1.0,0.005272979537645976,2e-06,0.8333333333333334,0.5044355710347493
1.0,0.005936191479365031,2e-06,0.9,0.504522705078125
1.0,0.005846041937669118,2e-06,0.9,0.4728608767191569
1.0,0.00758068859577179,2e-06,0.8333333333333334,0.6010442733764648
1.0,0.00501899520556132,2e-06,0.9,0.4932812372843424
1.0,0.005600601434707642,2e-06,0.9,0.5292149543762207
1.0,0.005519353846708933,2e-06,0.8333333333333334,0.5157437324523926
1.0,0.0050322224696477255,2e-06,0.8666666666666667,0.4739074389139811
1.0,0.006822860737641653,2e-06,0.8666666666666667,0.5341945648193359
1.0,0.006053086618582408,2e-06,0.9,0.4875761349995931
1.0,0.004496246576309204,2e-06,0.9,0.4688781102498372
1.0,0.00465202530225118,2e-06,0.9,0.47735684712727866
1.0,0.006679156919320425,2e-06,0.8666666666666667,0.5630609512329101
1.0,0.0049589648842811584,2e-06,0.8666666666666667,0.5149256388346354
1.0,0.005034386614958445,2e-06,0.8333333333333334,0.44407342274983724
1.0,0.004751142859458923,2e-06,0.9,0.4856180826822917
1.0,0.004111099988222122,2e-06,0.8333333333333334,0.44797115325927733
1.0,0.003733185927073161,2e-06,0.9,0.48314765294392903
1.0,0.004072115073601405,2e-06,0.8333333333333334,0.48363765080769855
1.0,0.005999289453029633,2e-06,0.9,0.5293368339538574
1.0,0.005836212635040283,2e-06,0.9,0.5019357363382976
1.0,0.004645301898320516,2e-06,0.8,0.49042886098225913
1.0,0.0038483699162801107,2e-06,0.9,0.4916528701782227
1.0,0.0045352314909299215,2e-06,0.9,0.49436858495076497
1.0,0.005068854490915934,2e-06,0.9,0.4559777577718099
1.0,0.005364630619684855,2e-06,0.9,0.47547149658203125
1.0,0.006041909257570903,2e-06,0.9,0.4748666445414225
1.0,0.005338029563426971,2e-06,0.9,0.5198799769083658
1.0,0.0049164136250813804,2e-06,0.9,0.46157687505086265
1.0,0.004827829698721568,2e-06,0.9,0.46774085362752277
1.0,0.004149049520492554,2e-06,0.8333333333333334,0.503504212697347
1.0,0.00561733345190684,2e-06,0.9,0.4758268356323242
1.0,0.0060587589939435325,2e-06,0.9,0.47815577189127606
1.0,0.007989363372325897,2e-06,0.8666666666666667,0.5485164006551106
1.0,0.005088028311729431,2e-06,0.9,0.45122105280558267
1.0,0.005317038297653199,2e-06,0.8666666666666667,0.5232463518778483
1.0,0.006065960725148519,2e-06,0.9,0.4996846516927083
1.0,0.005201173325379689,2e-06,0.9,0.48822275797526044
1.0,0.00563058207432429,2e-06,0.9,0.5213418006896973
1.0,0.005780928830305735,2e-06,0.8666666666666667,0.5443731943766276
1.0,0.004722502827644348,2e-06,0.8,0.45872297286987307
1.0,0.003916370123624802,2e-06,0.8666666666666667,0.46040925979614256
1.0,0.005279406408468882,2e-06,0.9,0.5078948974609375
1.0,0.003949106981356938,2e-06,0.9,0.4676617940266927
1.0,0.006201588610808054,2e-06,0.9,0.5675147374471029
1.0,0.0033961514631907145,2e-06,0.9,0.5270621299743652
1.0,0.0062402059634526575,2e-06,0.9,0.5155936241149902
1.0,0.004288329680760702,2e-06,0.8333333333333334,0.46852308909098306
1.0,0.0041437464455763495,2e-06,0.9,0.5015060424804687
1.0,0.004732989768187205,2e-06,0.8,0.48983020782470704
1.0,0.005304263532161712,2e-06,0.8666666666666667,0.45516672134399416
1.0,0.006113898754119873,2e-06,0.8666666666666667,0.4374792734781901
1.0,0.005809387564659119,2e-06,0.9,0.5065274556477865
1.0,0.004814729591210683,2e-06,0.9,0.4815385182698568
1.0,0.004270691672960917,2e-06,0.9,0.4635589281717936
1.0,0.0058987478415171305,2e-06,0.9,0.5156940460205078
1.0,0.005576311051845551,2e-06,0.9,0.46343374252319336
1.0,0.005411421259244283,2e-06,0.9,0.4477473258972168
1.0,0.006049369275569916,2e-06,0.9,0.49724915822347004
1.0,0.00475342075030009,2e-06,0.9,0.46938746770222983
1.0,0.0051658496260643,2e-06,0.9,0.48126789728800456
1.0,0.004878994822502136,2e-06,0.8666666666666667,0.49664735794067383
1.0,0.005393519004185995,2e-06,0.8666666666666667,0.44458398818969724
1.0,0.003914882987737655,2e-06,0.8666666666666667,0.5010662078857422
1.0,0.004886220395565033,2e-06,0.9,0.4869853655497233
1.0,0.004982643326123555,2e-06,0.8,0.5015262603759766
1.0,0.0053097108999888105,2e-06,0.8666666666666667,0.4431963284810384
1.0,0.003815070291360219,2e-06,0.8666666666666667,0.43989585240681967
1.0,0.004381358623504639,2e-06,0.9,0.47160638173421227
1.0,0.004530521233876547,2e-06,0.9,0.47619241078694663
1.0,0.004228756825129191,2e-06,0.9,0.4658619244893392
1.0,0.004244449237982432,2e-06,0.9,0.4825268745422363
1.0,0.004562167823314667,2e-06,0.9,0.47822758356730144
1.0,0.005516152580579122,2e-06,0.9,0.49387375513712567
1.0,0.005330667396386464,2e-06,0.9,0.48145538965861
1.0,0.00369554137190183,2e-06,0.9,0.4780085245768229
1.0,0.004269891480604807,2e-06,0.9,0.505082639058431
1.0,0.005379478136698405,2e-06,0.8666666666666667,0.5189725557963053
1.0,0.005426536003748576,2e-06,0.9,0.47837740580240884
1.0,0.004821809629599254,2e-06,0.9,0.49737234115600587
1.0,0.004846505324045817,2e-06,0.8666666666666667,0.5183851877848308
1.0,0.005385500192642212,2e-06,0.9,0.4949131647745768
1.0,0.005635068813959757,2e-06,0.9,0.47313276926676434
1.0,0.004612173636754354,2e-06,0.9,0.4717329661051432
1.0,0.005317407349745433,2e-06,0.8666666666666667,0.5074654261271159
1.0,0.003851340214411418,2e-06,0.8,0.48962475458780924
1.0,0.004415089885393779,2e-06,0.8333333333333334,0.512249215443929
1.0,0.0036707848310470583,2e-06,0.9,0.4856382052103678
1.0,0.0045187026262283325,2e-06,0.8666666666666667,0.45731776555379233
1.0,0.005169326066970825,2e-06,0.9,0.46932671864827474
1.0,0.0047903358936309814,2e-06,0.8666666666666667,0.4882962226867676
1.0,0.0059792488813400265,2e-06,0.8666666666666667,0.5468433380126954
1.0,0.004823916653792063,2e-06,0.9,0.4914867083231608
1.0,0.005263679226239522,2e-06,0.9,0.523675537109375
1.0,0.0035867388049761455,2e-06,0.9,0.47636117935180666
1.0,0.005318599442640941,2e-06,0.8666666666666667,0.4827060381571452
1.0,0.004698475201924642,2e-06,0.8666666666666667,0.4604593276977539
1.0,0.0043549731373786925,2e-06,0.9,0.5108000119527181
1.0,0.004632083078225453,2e-06,0.9,0.5101460456848145
1.0,0.005104569594065348,2e-06,0.9,0.48219887415568036
1.0,0.006305286784966787,2e-06,0.8666666666666667,0.5385541915893555
1.0,0.006408407290776571,2e-06,0.8666666666666667,0.535841433207194
1.0,0.005939597884813945,2e-06,0.8666666666666667,0.5408568700154622
1.0,0.005091264347235362,2e-06,0.8666666666666667,0.4594755490620931
1.0,0.005125324428081513,2e-06,0.9,0.48065306345621744
1.0,0.004584686954816183,2e-06,0.8666666666666667,0.47484378814697265
1.0,0.0052431056896845496,2e-06,0.9,0.47258488337198895
1.0,0.004393242299556732,2e-06,0.9,0.5025043169657389
1.0,0.005178514122962952,2e-06,0.9,0.47695687611897786
1.0,0.006369689106941223,2e-06,0.8666666666666667,0.5460395812988281
1.0,0.0040575181444485985,2e-06,0.9,0.534136708577474
1.0,0.0041896571715672815,2e-06,0.8666666666666667,0.4762608528137207
1.0,0.003632917255163193,2e-06,0.9,0.5403933842976888
1.0,0.004797417918841044,2e-06,0.9,0.4834582010904948
1.0,0.0053502112627029415,2e-06,0.9,0.5267324447631836
1.0,0.0036648998657862345,2e-06,0.8666666666666667,0.4621840794881185
1.0,0.004730311036109924,2e-06,0.9,0.49847806294759117
1.0,0.0043936928113301596,2e-06,0.8666666666666667,0.46905781428019205
1.0,0.004564938445885976,2e-06,0.9,0.48207817077636717
1.0,0.004338678220907847,2e-06,0.9,0.4938756306966146
1.0,0.004833004872004191,2e-06,0.9,0.49591395060221355
1.0,0.005993358294169108,2e-06,0.9,0.5176410992940267
1.0,0.004814166824022929,2e-06,0.9,0.4936763127644857
1.0,0.005242591599623362,2e-06,0.9,0.46712846755981446
1.0,0.00491400808095932,2e-06,0.9,0.4846501668294271
1.0,0.004697235425313314,2e-06,0.9,0.5134836832682291
1.0,0.004797048370043437,2e-06,0.9,0.484221617380778
1.0,0.005316159625848135,2e-06,0.9,0.4678410530090332
1.0,0.005224137008190155,2e-06,0.9,0.4758047103881836
1.0,0.0037216434876124064,2e-06,0.9,0.45642576217651365
1.0,0.003958569715420405,2e-06,0.8666666666666667,0.4643749237060547
1.0,0.005017014344533285,2e-06,0.9,0.44549643198649086
1.0,0.005496044456958771,2e-06,0.8666666666666667,0.5948347727457682
1.0,0.0051063716411590574,2e-06,0.9,0.4817715009053548
1.0,0.0035336002707481383,2e-06,0.8333333333333334,0.5003727595011394
1.0,0.0059859991073608395,2e-06,0.9,0.47552239100138344
1.0,0.006733725965023041,2e-06,0.9,0.5630067825317383
1.0,0.00532440443833669,2e-06,0.9,0.49439296722412107
1.0,0.004572455088297526,2e-06,0.9,0.510553773244222
1.0,0.005189379056294759,2e-06,0.9,0.5326975504557292
1.0,0.006929633021354675,2e-06,0.8666666666666667,0.5232006708780924
1.0,0.0055419335762659705,2e-06,0.9,0.4992153803507487
1.0,0.005792070925235748,2e-06,0.8666666666666667,0.45484593709309895
1.0,0.0069354678193728125,2e-06,0.8666666666666667,0.5820179621378581
1.0,0.0047353525956471765,2e-06,0.9,0.46236515045166016
1.0,0.00584931621948878,2e-06,0.9,0.522922420501709
1.0,0.005302202701568603,2e-06,0.8666666666666667,0.5693418502807617
1.0,0.004667974511782328,2e-06,0.9,0.4852616628011068
1.0,0.0053295721610387165,2e-06,0.9,0.468647034962972
1.0,0.004475674033164978,2e-06,0.9,0.45249964396158854
1.0,0.004151142140229543,2e-06,0.8666666666666667,0.47684882481892904
1.0,0.0053149054447809855,2e-06,0.9,0.4896176020304362
1.0,0.005385971566041311,2e-06,0.9,0.5103229840596517
1.0,0.005044666429360707,2e-06,0.9,0.539880879720052
1.0,0.006433404485384623,2e-06,0.8666666666666667,0.6137625376383463
1.0,0.005022660394509633,2e-06,0.9,0.5028830528259277
1.0,0.005255804459253947,2e-06,0.9,0.4617147445678711
1.0,0.004472267627716064,2e-06,0.8333333333333334,0.4705223083496094
1.0,0.005027506748835246,2e-06,0.9,0.49858223597208656
1.0,0.005729363858699798,2e-06,0.9,0.5198668797810873
1.0,0.0052867397665977475,2e-06,0.9,0.479338264465332
1.0,0.006071887413660685,2e-06,0.8666666666666667,0.48866891860961914
1.0,0.004553246994813283,2e-06,0.9,0.4637390454610189
1.0,0.00467635045448939,2e-06,0.9,0.4630665143330892
1.0,0.005433993538220724,2e-06,0.9,0.5229148864746094
1.0,0.004857876400152842,2e-06,0.9,0.4667893727620443
1.0,0.004940616091092428,2e-06,0.9,0.46916376749674477
1.0,0.0041206471621990206,2e-06,0.9,0.49245192209879557
1.0,0.004622246325016022,2e-06,0.9,0.5025982856750488
1.0,0.005190737048784892,2e-06,0.9,0.475072987874349
1.0,0.004176290333271026,2e-06,0.9,0.46950721740722656
1.0,0.004236293335755666,2e-06,0.9,0.4797112464904785
1.0,0.005889796217282613,2e-06,0.8666666666666667,0.5323122024536133
1.0,0.00601280927658081,2e-06,0.8666666666666667,0.6208362579345703
1.0,0.003979700307051341,2e-06,0.9,0.48741738001505536
1.0,0.0035947469373544057,2e-06,0.9,0.501462459564209
1.0,0.004786046346028646,2e-06,0.9,0.4638193130493164
1.0,0.003775958965222041,2e-06,0.8333333333333334,0.49423856735229493
1.0,0.005033852656682333,2e-06,0.9,0.4570875803629557
1.0,0.005207737286885579,2e-06,0.9,0.462115224202474
1.0,0.004634530345598856,2e-06,0.9,0.5299458185831706
1.0,0.003975690901279449,2e-06,0.9,0.4750502268473307
1.0,0.004381838937600454,2e-06,0.8666666666666667,0.491380246480306
1.0,0.0041598320007324215,2e-06,0.9,0.47523984909057615
1.0,0.004415858288606008,2e-06,0.9,0.48014345169067385
1.0,0.004262553652127584,2e-06,0.9,0.5474404017130534
1.0,0.00589240143696467,2e-06,0.9,0.5355663935343424
1.0,0.005230127771695455,2e-06,0.9,0.4904430389404297
1.0,0.004514006773630778,2e-06,0.9,0.4832354863484701
1.0,0.004880873362223307,2e-06,0.9,0.49852177302042644
1.0,0.0057143668333689375,2e-06,0.8666666666666667,0.5020943323771159
1.0,0.005361790955066681,2e-06,0.9,0.4888251940409342
1.0,0.004799977938334147,2e-06,0.8333333333333334,0.5131429672241211
1.0,0.005083530147870382,2e-06,0.9,0.4838478406270345
1.0,0.004768356680870056,2e-06,0.8666666666666667,0.5250512440999349
1.0,0.005002407729625702,2e-06,0.8333333333333334,0.5066142717997233
1.0,0.0049337183435757955,2e-06,0.9,0.47718680699666344
1.0,0.004210419952869415,2e-06,0.9,0.48248494466145836
1.0,0.005464841425418854,2e-06,0.9,0.5022277196248373
1.0,0.003967673083146413,2e-06,0.9,0.49590387344360354
1.0,0.004799594978491465,2e-06,0.9,0.5260821024576823
1.0,0.005234834055105845,2e-06,0.8666666666666667,0.545552126566569
1.0,0.003967198977867762,2e-06,0.9,0.5247460683186849
1.0,0.004839844008286794,2e-06,0.9,0.46903209686279296
1.0,0.004327621559302012,2e-06,0.9,0.470678170522054
1.0,0.0065962399045626325,2e-06,0.8666666666666667,0.5965432484944662
1.0,0.004769435028235117,2e-06,0.8666666666666667,0.5503992080688477
1.0,0.005288651088873545,2e-06,0.8666666666666667,0.46871875127156576
1.0,0.005657477676868439,2e-06,0.9,0.5051567077636718
1.0,0.005527008573214213,2e-06,0.9,0.5140992164611816
1.0,0.004853922128677368,2e-06,0.9,0.49559237162272135
1.0,0.005775283773740133,2e-06,0.8666666666666667,0.5447152455647787
1.0,0.005301260948181152,2e-06,0.8666666666666667,0.522101624806722
1.0,0.007876168191432952,2e-06,0.8666666666666667,0.6145549138387044
1.0,0.0049916237592697145,2e-06,0.9,0.512379010518392
1.0,0.0053978453079859415,2e-06,0.9,0.4871819814046224
1.0,0.0031589438517888387,2e-06,0.8666666666666667,0.4436636924743652
1.0,0.004396472871303558,2e-06,0.9,0.44061962763468426
1.0,0.0037319076557954154,2e-06,0.9,0.49354565938313805
1.0,0.005622248848279317,2e-06,0.9,0.4710001309712728
1.0,0.004702502985795339,2e-06,0.9,0.5334304173787435
1.0,0.005825267235438029,2e-06,0.9,0.524033800760905
1.0,0.004644316434860229,2e-06,0.9,0.4520916302998861
1.0,0.005485321581363678,2e-06,0.9,0.46526012420654295
1.0,0.00415350596110026,2e-06,0.8666666666666667,0.47046566009521484
1.0,0.005225838224093119,2e-06,0.9,0.5021169026692708
1.0,0.004694513479868571,2e-06,0.9,0.4902641296386719
1.0,0.004380206267038981,2e-06,0.9,0.4988625208536784
1.0,0.005587906142075856,2e-06,0.9,0.46562544504801434
1.0,0.004785997668902079,2e-06,0.9,0.4735971450805664
1.0,0.005372939507166544,2e-06,0.9,0.49055541356404625
1.0,0.006066233416398366,2e-06,0.8666666666666667,0.4753804842631022
1.0,0.004961154858271281,2e-06,0.9,0.4709395090738932
1.0,0.004210372765858968,2e-06,0.9,0.46278775533040367
1.0,0.004491350054740906,2e-06,0.9,0.47863187789916994
1.0,0.0052635525663693745,2e-06,0.9,0.4816326459248861
1.0,0.0056291669607162476,2e-06,0.9,0.5212073008219401
1.0,0.004920532802740732,2e-06,0.8666666666666667,0.514246654510498
1.0,0.004298410813013713,2e-06,0.8666666666666667,0.47374261220296227
1.0,0.0031833844880263013,2e-06,0.9,0.5380505879720052
1.0,0.00498736302057902,2e-06,0.9,0.4777402877807617
1.0,0.004394397636254628,2e-06,0.9,0.48686857223510743
1.0,0.0046037902434666956,2e-06,0.8666666666666667,0.46561997731526694
1.0,0.0047110070784886675,2e-06,0.9,0.47415990829467775
1.0,0.004592897991339366,2e-06,0.9,0.472447935740153
1.0,0.005214587350686391,2e-06,0.9,0.4800584157307943
1.0,0.005100380380948385,2e-06,0.9,0.4647282600402832
1.0,0.004992364346981049,2e-06,0.8333333333333334,0.44609295527140297
1.0,0.00502136101325353,2e-06,0.9,0.479266103108724
1.0,0.003484240670998891,2e-06,0.8666666666666667,0.4994145075480143
1.0,0.005406915148099264,2e-06,0.8666666666666667,0.5282456080118815
1.0,0.005318892498811086,2e-06,0.9,0.4997044563293457
1.0,0.004389609893163045,2e-06,0.9,0.4729050636291504
1.0,0.005314937730630239,2e-06,0.9,0.4587064425150553
1.0,0.006104423105716706,2e-06,0.8666666666666667,0.5193302154541015
1.0,0.006134640177090963,2e-06,0.8666666666666667,0.5538700103759766
1.0,0.004462518791357676,2e-06,0.9,0.4704675356547038
1.0,0.0051687568426132206,2e-06,0.8666666666666667,0.49713350931803385
1.0,0.004304214318593343,2e-06,0.9,0.4931193987528483
1.0,0.004299031694730123,2e-06,0.9,0.47363897959391277
1.0,0.006771837174892425,2e-06,0.8333333333333334,0.587903086344401
1.0,0.005013283590475718,2e-06,0.8666666666666667,0.496236260732015
1.0,0.005134871105353037,2e-06,0.9,0.49752054214477537
1.0,0.005428333580493927,2e-06,0.9,0.5193519592285156
1.0,0.005304681261380514,2e-06,0.8666666666666667,0.5322066942850748
1.0,0.00415933554371198,2e-06,0.9,0.5137607892354329
1.0,0.004691669344902038,2e-06,0.9,0.5025425593058268
1.0,0.006177297234535218,2e-06,0.9,0.5280061403910319
1.0,0.00513468732436498,2e-06,0.9,0.5274957021077474
1.0,0.004116284102201462,2e-06,0.8666666666666667,0.48980913162231443
1.0,0.005230087041854859,2e-06,0.9,0.5174169222513835
1.0,0.003970085581143697,2e-06,0.8,0.5239900271097819
1.0,0.0054728637139002485,2e-06,0.8666666666666667,0.5615880330403645
1.0,0.0056337669491767885,2e-06,0.9,0.495787239074707
1.0,0.005908910930156708,2e-06,0.8666666666666667,0.533059565226237
1.0,0.005193450053532918,2e-06,0.9,0.518701680501302
1.0,0.006973292430241903,2e-06,0.8666666666666667,0.5873372395833333
1.0,0.005307238300641378,2e-06,0.9,0.5205019632975261
1.0,0.0038969206313292184,2e-06,0.9,0.48582617441813153
1.0,0.004760125279426574,2e-06,0.9,0.4891306559244792
1.0,0.004631545643011729,2e-06,0.8666666666666667,0.4762558619181315
1.0,0.00547769417365392,2e-06,0.9,0.4662816047668457
1.0,0.005194999774297078,2e-06,0.8666666666666667,0.5730665842692058
1.0,0.004998221000035604,2e-06,0.8666666666666667,0.5089956601460774
1.0,0.005694331228733062,2e-06,0.9,0.5065464655558268
1.0,0.005946502089500427,2e-06,0.9,0.5017387390136718
1.0,0.004833465317885081,2e-06,0.9,0.4661332448323568
1.0,0.0033616915345191954,2e-06,0.9,0.5426417032877604
1.0,0.0051493977506955465,2e-06,0.9,0.49237902959187824
1.0,0.004416512946287791,2e-06,0.8,0.47119741439819335
1.0,0.00582791417837143,2e-06,0.9,0.5155758539835612
1.0,0.0039024988810221354,2e-06,0.9,0.4793715794881185
1.0,0.004992641508579254,2e-06,0.9,0.5039116223653157
1.0,0.0048960680762926735,2e-06,0.9,0.4741925875345866
1.0,0.00609586884578069,2e-06,0.9,0.5116126378377278
1.0,0.003818029910326004,2e-06,0.8666666666666667,0.5144030253092448
1.0,0.004901791115601858,2e-06,0.8666666666666667,0.4605093002319336
1.0,0.0044590413570404054,2e-06,0.9,0.4834490140279134
1.0,0.004726065198580424,2e-06,0.9,0.48445259730021156
1.0,0.0041143037378787994,2e-06,0.9,0.4869264284769694
1.0,0.005704625944296519,2e-06,0.9,0.46721391677856444
1.0,0.004763786991437276,2e-06,0.9,0.48866278330485025
1.0,0.005817471941312154,2e-06,0.8333333333333334,0.5445957183837891
1.0,0.00508900930484136,2e-06,0.8666666666666667,0.4747052828470866
1.0,0.005416075388590495,2e-06,0.9,0.5288746198018391
1.0,0.004454230765501658,2e-06,0.9,0.49433135986328125
1.0,0.005400864283243815,2e-06,0.9,0.47986523310343426
1.0,0.004037199914455414,2e-06,0.8333333333333334,0.4916912396748861
1.0,0.004217994709809621,2e-06,0.9,0.4957111358642578
1.0,0.0037011139094829558,2e-06,0.8666666666666667,0.47760101954142253
1.0,0.004568455616633097,2e-06,0.9,0.5121734301249187
1.0,0.003806637227535248,2e-06,0.9,0.473491636912028
1.0,0.005416060487429301,2e-06,0.9,0.4740853945414225
1.0,0.004460197190443675,2e-06,0.8666666666666667,0.4544234275817871
1.0,0.0049119184414545694,2e-06,0.9,0.48669681549072263
1.0,0.004131960372130076,2e-06,0.8333333333333334,0.5140313148498535
1.0,0.004438817004362742,2e-06,0.9,0.46913159688313805
1.0,0.005010465284188589,2e-06,0.9,0.5265036265055338
1.0,0.005088730156421662,2e-06,0.9,0.4844548543294271
1.0,0.003925726314385732,2e-06,0.9,0.46570167541503904
1.0,0.004119282215833664,2e-06,0.8666666666666667,0.46011781692504883
1.0,0.004676368335882823,2e-06,0.9,0.48747603098551434
1.0,0.005133579671382904,2e-06,0.9,0.47331714630126953
1.0,0.004358506202697754,2e-06,0.9,0.4939113616943359
1.0,0.004647129774093628,2e-06,0.9,0.4541524251302083
1.0,0.004292138914267222,2e-06,0.9,0.49617843627929686
1.0,0.004898959398269653,2e-06,0.9,0.4750624656677246
1.0,0.004938447475433349,2e-06,0.9,0.481459108988444
1.0,0.004999273518721262,2e-06,0.8333333333333334,0.45014381408691406
1.0,0.004279399911562602,2e-06,0.9,0.4554499308268229
1.0,0.004645942648251852,2e-06,0.9,0.49169340133666994
1.0,0.0051493053634961445,2e-06,0.9,0.5333141644795736
1.0,0.00471681406100591,2e-06,0.9,0.5301978111267089
